dt_radio_s,group_size,window_s,persistence_k,policy_update_s,minimum_confirmation_delay_s,t_c_db,t_c_status,t_r_db,t_r_status,nominal_valid_observations,nominal_sequence_count,nominal_c_share,nominal_r_share,nominal_f_share,nominal_switches,nominal_mean_switches_per_sequence,nominal_switches_per_100_group_h,nominal_median_post_switch_dwell_s,nominal_aks_actionability_evaluable_transitions,nominal_aks_actionability_right_censored_transitions,nominal_aks_completion_before_next_switch_fraction,nominal_cr_share
1.0,3,15.0,1,5.0,0.0,-2.5,within_scan,-2.3,within_scan,15445,93,0.5620589187439301,0.0881838782777598,0.34975720297831014,2626,28.236559139784948,12241.631595985757,15.0,2563,63,0.034724931720639875,0.6502427970216899
1.0,3,15.0,2,5.0,5.0,-2.5,within_scan,-2.3,within_scan,15445,93,0.5588863709938492,0.04998381353188734,0.3911298154742635,1594,17.13978494623656,7430.75428941405,20.0,1505,89,0.0,0.6088701845257365
1.0,3,15.0,3,5.0,10.0,-2.5,within_scan,-2.3,within_scan,15445,93,0.5284558109420524,0.04778245386856588,0.42376173518938165,1098,11.806451612903226,5118.549692457106,50.0,1009,89,0.0,0.5762382648106182
1.0,3,30.0,1,5.0,0.0,-2.4,within_scan,-2.2,within_scan,15445,93,0.5239883457429589,0.03968921981223697,0.4363224344448041,1214,13.053763440860216,5659.307219164778,10.0,1192,22,0.19798657718120805,0.5636775655551959
1.0,3,30.0,2,5.0,5.0,-2.4,within_scan,-2.2,within_scan,15445,93,0.5447717707996115,0.0007769504694075753,0.4544512787309809,607,6.526881720430108,2829.653609582389,95.0,519,88,0.15606936416184972,0.5455487212690191
1.0,3,30.0,3,5.0,10.0,-2.4,within_scan,-2.2,within_scan,15445,93,0.545742958886371,0.0007769504694075753,0.45348009064422146,605,6.505376344086022,2820.3302039494984,95.0,518,87,0.15637065637065636,0.5465199093557787
1.0,3,60.0,1,5.0,0.0,-2.4,within_scan,-2.1,within_scan,15445,93,0.44260278407251535,0.1706053739074134,0.3867918420200712,1073,11.53763440860215,5002.0071220459695,30.0,1051,22,0.21122740247383445,0.6132081579799288
1.0,3,60.0,2,5.0,5.0,-2.4,within_scan,-2.1,within_scan,15445,93,0.44486888960828747,0.16801553900938815,0.3871155713823244,1037,11.150537634408602,4834.185820653934,40.0,1013,24,0.21520236920039487,0.6128844286176756
1.0,3,60.0,3,5.0,10.0,-2.4,within_scan,-2.1,within_scan,15445,93,0.45348009064422146,0.1525412754936873,0.3939786338620913,917,9.86021505376344,4274.781482680479,45.0,894,23,0.24384787472035793,0.6060213661379088
1.0,3,120.0,1,5.0,0.0,-2.3,within_scan,-2.1,within_scan,15445,93,0.3858206539333118,0.17733894464227906,0.4368404014244092,925,9.946236559139784,4312.075105212043,40.0,846,79,0.18439716312056736,0.5631595985755908
1.0,3,120.0,2,5.0,5.0,-2.3,within_scan,-2.1,within_scan,15445,93,0.38601489155066365,0.17811589511168663,0.4358692133376497,890,9.56989247311828,4148.915506636452,40.0,810,80,0.19135802469135801,0.5641307866623503
1.0,3,120.0,3,5.0,10.0,-2.3,within_scan,-2.1,within_scan,15445,93,0.379281320815798,0.1823891226934283,0.4383295564907737,714,7.67741935483871,3328.4558109420523,45.0,635,79,0.2440944881889764,0.5616704435092263
1.0,5,15.0,1,5.0,0.0,-2.4,within_scan,-2.2,within_scan,15445,93,0.45788280997086434,0.13978633862091291,0.4023308514082227,3989,42.89247311827957,18595.532534800906,10.0,3951,38,0.03998987598076437,0.5976691485917772
1.0,5,15.0,2,5.0,5.0,-2.4,within_scan,-2.2,within_scan,15445,93,0.49841372612495954,0.04953059242473292,0.45205568145030756,2497,26.849462365591396,11640.271932664293,15.0,2407,90,0.0,0.5479443185496925
1.0,5,15.0,3,5.0,10.0,-2.3,within_scan,-2.1,within_scan,15445,93,0.4550339915830366,0.00912916801553901,0.5358368404014244,762,8.193548387096774,3552.2175461314337,65.0,673,89,0.08469539375928678,0.4641631595985756
1.0,5,30.0,1,5.0,0.0,-2.2,within_scan,-2.0,within_scan,15445,93,0.32554224668177406,0.3371965037228877,0.3372612495953383,657,7.064516129032258,3062.738750404662,80.0,642,15,0.5778816199376947,0.6627387504046618
1.0,5,30.0,2,5.0,5.0,-2.2,within_scan,-2.0,within_scan,15445,93,0.3272903852379411,0.34114600194237615,0.3315636128196827,479,5.150537634408602,2232.9556490773716,120.0,463,16,0.7926565874730022,0.6684363871803172
1.0,5,30.0,3,5.0,10.0,-2.2,within_scan,-2.0,within_scan,15445,93,0.32865004855940433,0.34011006798316606,0.3312398834574296,473,5.086021505376344,2204.985432178699,120.0,456,17,0.8004385964912281,0.6687601165425704
1.0,5,60.0,1,5.0,0.0,-2.2,within_scan,-2.0,within_scan,15445,93,0.3261249595338297,0.32748462285529295,0.3463904176108773,482,5.182795698924731,2246.940757526708,95.0,466,16,0.7618025751072961,0.6536095823891226
1.0,5,60.0,2,5.0,5.0,-2.2,within_scan,-2.0,within_scan,15445,93,0.32748462285529295,0.3268371641307867,0.3456782130139204,482,5.182795698924731,2246.940757526708,95.0,464,18,0.7607758620689655,0.6543217869860796
1.0,5,60.0,3,5.0,10.0,-2.3,within_scan,-2.0,within_scan,15445,93,0.3289737779216575,0.3258012301715766,0.3452249919067659,476,5.118279569892473,2218.970540628035,95.0,460,16,0.7673913043478261,0.6547750080932341
1.0,5,120.0,1,5.0,0.0,-2.3,within_scan,-2.0,within_scan,15445,93,0.3409517643250243,0.2729685982518614,0.3860796374231143,470,5.053763440860215,2191.000323729362,95.0,394,76,0.6065989847715736,0.6139203625768856
1.0,5,120.0,2,5.0,5.0,-2.3,within_scan,-2.0,within_scan,15445,93,0.3422466817740369,0.272515377144707,0.3852379410812561,468,5.032258064516129,2181.676918096471,95.0,392,76,0.6096938775510204,0.6147620589187439
1.0,5,120.0,3,5.0,10.0,-2.3,within_scan,-2.0,within_scan,15445,93,0.34360634509550014,0.2718679184202007,0.3845257364842991,466,5.010752688172043,2172.3535124635805,95.0,390,76,0.6128205128205129,0.6154742635157009
1.0,7,15.0,1,5.0,0.0,-2.4,within_scan,-2.2,within_scan,15445,93,0.3635480738102946,0.20776950469407576,0.42868242149562963,4983,53.58064516129032,23229.265134347686,10.0,4956,27,0.0433817594834544,0.5713175785043704
1.0,7,15.0,2,5.0,5.0,-2.4,within_scan,-2.2,within_scan,15445,93,0.44687601165425705,0.10870831984460991,0.44441566850113307,2627,28.247311827956988,12246.2932988022,15.0,2536,91,0.03430599369085174,0.555584331498867
1.0,7,15.0,3,5.0,10.0,-2.2,within_scan,-2.2,within_scan,15445,93,0.5522175461314341,0.029200388475234703,0.41858206539333115,572,6.150537634408602,2666.4940110067982,50.0,490,82,0.17959183673469387,0.5814179346066688
1.0,7,30.0,1,5.0,0.0,-2.3,within_scan,-2.1,within_scan,15445,93,0.20330203949498218,0.442667529944966,0.3540304305600518,756,8.129032258064516,3524.247329232762,60.0,675,81,0.45925925925925926,0.6459695694399482
1.0,7,30.0,2,5.0,5.0,-2.3,within_scan,-2.1,within_scan,15445,93,0.20505017805114925,0.43988345742958884,0.3550663645192619,697,7.494623655913978,3249.2068630624794,60.0,615,82,0.5008130081300813,0.6449336354807381
1.0,7,30.0,3,5.0,10.0,-2.3,within_scan,-2.1,within_scan,15445,93,0.20666882486241503,0.4491421171900291,0.34418905794755583,609,6.548387096774194,2838.97701521528,60.0,527,82,0.5844402277039848,0.6558109420524442
1.0,7,60.0,1,5.0,0.0,-2.3,within_scan,-2.0,within_scan,15445,93,0.2443509226286824,0.37196503722887664,0.3836840401424409,665,7.150537634408602,3100.0323729362253,70.0,585,80,0.5247863247863248,0.616315959857559
1.0,7,60.0,2,5.0,5.0,-2.3,within_scan,-2.0,within_scan,15445,93,0.24584007769504695,0.3695694399482033,0.38459048235674975,609,6.548387096774194,2838.97701521528,70.0,529,80,0.5803402646502835,0.6154095176432502
1.0,7,60.0,3,5.0,10.0,-2.3,within_scan,-2.0,within_scan,15445,93,0.2473939786338621,0.35992230495305927,0.39268371641307864,471,5.064516129032258,2195.6620265458077,70.0,393,78,0.7760814249363868,0.6073162835869214
1.0,7,120.0,1,5.0,0.0,-2.2,within_scan,-1.9,within_scan,15445,93,0.28028488183878275,0.32230495305924245,0.39741016510197474,623,6.698924731182796,2904.2408546455167,50.0,548,75,0.41058394160583944,0.6025898348980252
1.0,7,120.0,2,5.0,5.0,-2.2,within_scan,-1.9,within_scan,15445,93,0.2838459048235675,0.3196503722887666,0.3965037228876659,495,5.32258064516129,2307.5428941404984,70.0,420,75,0.5357142857142857,0.603496277112334
1.0,7,120.0,3,5.0,10.0,-2.2,within_scan,-2.0,within_scan,15445,93,0.27419876982842345,0.3298154742635157,0.39598575590806084,459,4.935483870967742,2139.721592748462,65.0,383,76,0.5822454308093995,0.6040142440919392
2.0,3,15.0,1,5.0,0.0,-2.5,within_scan,-2.3,within_scan,15457,93,0.5466131849647409,0.09303228310797697,0.3603545319272821,2588,27.827956989247312,12055.120657307369,15.0,2525,63,0.035247524752475244,0.6396454680727178
2.0,3,15.0,2,5.0,5.0,-2.5,within_scan,-2.3,within_scan,15457,93,0.5410493627482694,0.05298570227081581,0.4059649349809148,1451,15.602150537634408,6758.879472083845,20.0,1362,89,0.0,0.5940350650190852
2.0,3,15.0,3,5.0,10.0,-2.5,within_scan,-2.3,within_scan,15457,93,0.5214465937762826,0.05085074723426279,0.42770265898945464,1100,11.827956989247312,5123.892087727243,50.0,1011,89,0.0,0.5722973410105453
2.0,3,30.0,1,5.0,0.0,-2.4,within_scan,-2.2,within_scan,15457,93,0.523905026848677,0.032283107976968366,0.44381186517435467,1097,11.795698924731182,5109.917836578896,30.0,1063,34,0.18438381937911572,0.5561881348256453
2.0,3,30.0,2,5.0,5.0,-2.4,within_scan,-2.2,within_scan,15457,93,0.5409199715339329,0.0007763472860192793,0.4583036811800479,607,6.526881720430108,2827.456815682215,100.0,519,88,0.15606936416184972,0.5416963188199522
2.0,3,30.0,3,5.0,10.0,-2.4,within_scan,-2.2,within_scan,15457,93,0.541890405641457,0.0007763472860192793,0.45733324707252376,606,6.516129032258065,2822.7987319660997,95.0,518,88,0.15637065637065636,0.5426667529274762
2.0,3,60.0,1,5.0,0.0,-2.4,within_scan,-2.1,within_scan,15457,93,0.43611308792133013,0.1786245713916025,0.38526234068706733,1073,11.53763440860215,4998.123827392121,30.0,1051,22,0.21122740247383445,0.6147376593129327
2.0,3,60.0,2,5.0,5.0,-2.4,within_scan,-2.1,within_scan,15457,93,0.43740700006469563,0.17804231092708805,0.3845506890082163,1068,11.483870967741936,4974.833408811542,30.0,1045,23,0.20956937799043063,0.6154493109917837
2.0,3,60.0,3,5.0,10.0,-2.4,within_scan,-2.1,within_scan,15457,93,0.4478229928187876,0.15882771559811087,0.3933492915831015,920,9.89247311827957,4285.437018826422,47.5,898,22,0.24387527839643652,0.6066507084168985
2.0,3,120.0,1,5.0,0.0,-2.3,within_scan,-2.1,within_scan,15457,93,0.3843566021867115,0.22106488969398977,0.3945785081192987,793,8.526881720430108,3693.860386879731,40.0,738,55,0.33062330623306235,0.6054214918807013
2.0,3,120.0,2,5.0,5.0,-2.3,within_scan,-2.1,within_scan,15457,93,0.38157469107847575,0.2246878436954131,0.39373746522611114,667,7.172043010752688,3106.941838649156,55.0,588,79,0.3741496598639456,0.6062625347738888
2.0,3,120.0,3,5.0,10.0,-2.3,within_scan,-2.1,within_scan,15457,93,0.3807983437924565,0.22630523387461993,0.3928964223329236,635,6.827956989247312,2957.883159733454,55.0,555,80,0.3945945945945946,0.6071035776670763
2.0,5,15.0,1,5.0,0.0,-2.4,within_scan,-2.2,within_scan,15457,93,0.4459468202109077,0.1260917383709646,0.4279614414181277,3814,41.01075268817204,17765.93129326519,10.0,3778,36,0.03864478560084701,0.5720385585818724
2.0,5,15.0,2,5.0,5.0,-2.4,within_scan,-2.2,within_scan,15457,93,0.48133531733195317,0.03758814776476677,0.48107653490328006,2245,24.13978494623656,10457.397942679692,15.0,2155,90,0.0,0.5189234650967199
2.0,5,15.0,3,5.0,10.0,-2.3,within_scan,-2.1,within_scan,15457,93,0.4071294559099437,0.0014879989648702854,0.591382545125186,484,5.204301075268817,2254.5125185999873,115.0,400,84,0.1825,0.408617454874814
2.0,5,30.0,1,5.0,0.0,-2.2,within_scan,-2.0,within_scan,15457,93,0.3291712492721744,0.3386815035259106,0.33214724720191496,550,5.913978494623656,2561.9460438636215,117.5,535,15,0.6953271028037383,0.667852752798085
2.0,5,30.0,2,5.0,5.0,-2.2,within_scan,-2.0,within_scan,15457,93,0.3309180306657178,0.3393931552047616,0.3296888141295206,472,5.075268817204301,2198.615514006599,120.0,456,16,0.8092105263157895,0.6703111858704793
2.0,5,30.0,3,5.0,10.0,-2.2,within_scan,-2.0,within_scan,15457,93,0.33227663841625155,0.33874619913307885,0.3289771624506696,472,5.075268817204301,2198.615514006599,120.0,454,18,0.8083700440528634,0.6710228375493303
2.0,5,60.0,1,5.0,0.0,-2.3,within_scan,-2.0,within_scan,15457,93,0.32360742705570295,0.323154557805525,0.35323801513877207,478,5.139784946236559,2226.564016303293,95.0,462,16,0.7965367965367965,0.6467619848612279
2.0,5,60.0,2,5.0,5.0,-2.3,within_scan,-2.0,within_scan,15457,93,0.32496603480623665,0.3225076017338423,0.35252636345992105,478,5.139784946236559,2226.564016303293,95.0,462,16,0.7965367965367965,0.647473636540079
2.0,5,60.0,3,5.0,10.0,-2.3,within_scan,-2.0,within_scan,15457,93,0.32645403377110693,0.32160186323348644,0.3519441029954066,475,5.10752688172043,2212.589765154946,95.0,460,15,0.8,0.6480558970045933
2.0,5,120.0,1,5.0,0.0,-2.3,within_scan,-2.0,within_scan,15457,93,0.3423044575273339,0.27068642039205537,0.3870091220806107,466,5.010752688172043,2170.667011709905,90.0,414,52,0.6376811594202898,0.6129908779193893
2.0,5,120.0,2,5.0,5.0,-2.3,within_scan,-2.0,within_scan,15457,93,0.34359836967069934,0.27023355114187747,0.3861680791874232,464,4.989247311827957,2161.3508442776733,90.0,388,76,0.6185567010309279,0.6138319208125769
2.0,5,120.0,3,5.0,10.0,-2.3,within_scan,-2.0,within_scan,15457,93,0.3449569774212331,0.2697159862845313,0.38532703629423565,464,4.989247311827957,2161.3508442776733,90.0,388,76,0.6185567010309279,0.6146729637057644
2.0,7,15.0,1,5.0,0.0,-2.3,within_scan,-2.2,within_scan,15457,93,0.37419939186129264,0.21783010933557612,0.40797049880313124,4537,48.784946236559136,21133.72582001682,10.0,4511,26,0.04810463311904234,0.5920295011968688
2.0,7,15.0,2,5.0,5.0,-2.3,within_scan,-2.2,within_scan,15457,93,0.44381186517435467,0.13851329494727307,0.4176748398783723,2670,28.70967741935484,12437.083522028854,15.0,2591,79,0.03820918564260903,0.5823251601216277
2.0,7,15.0,3,5.0,10.0,-2.3,within_scan,-2.1,within_scan,15457,93,0.5562528304328136,0.07750533738759138,0.366241832179595,820,8.817204301075268,3819.628647214854,15.0,788,32,0.15609137055837563,0.633758167820405
2.0,7,30.0,1,5.0,0.0,-2.3,within_scan,-2.0,within_scan,15457,93,0.20204438118651744,0.4616031571456298,0.33635246166785276,612,6.580645161290323,2850.7472342627934,60.0,531,81,0.5856873822975518,0.6636475383321473
2.0,7,30.0,2,5.0,5.0,-2.3,within_scan,-2.0,within_scan,15457,93,0.2037911625800608,0.4604386362166009,0.3357702012033383,608,6.537634408602151,2832.114899398331,60.0,526,82,0.5893536121673004,0.6642297987966617
2.0,7,30.0,3,5.0,10.0,-2.3,within_scan,-2.0,within_scan,15457,93,0.20540855275926764,0.45953289771624506,0.33505854952448727,608,6.537634408602151,2832.114899398331,60.0,525,83,0.5885714285714285,0.6649414504755127
2.0,7,60.0,1,5.0,0.0,-2.3,within_scan,-2.0,within_scan,15457,93,0.24092644109464967,0.37439347868279743,0.3846800802225529,605,6.505376344086022,2818.1406482499838,70.0,526,79,0.5874524714828897,0.615319919777447
2.0,7,60.0,2,5.0,5.0,-2.3,within_scan,-2.0,within_scan,15457,93,0.24247913566668824,0.3736818270039464,0.38383903732936536,605,6.505376344086022,2818.1406482499838,70.0,525,80,0.5866666666666667,0.6161609626706347
2.0,7,60.0,3,5.0,10.0,-2.3,within_scan,-2.0,within_scan,15457,93,0.2440318302387268,0.3641715727502103,0.39179659701106295,469,5.043010752688172,2184.641262858252,70.0,391,78,0.782608695652174,0.608203402988937
2.0,7,120.0,1,5.0,0.0,-2.3,within_scan,-2.0,within_scan,15457,93,0.28071423950313773,0.31817299605356797,0.4011127644432943,620,6.666666666666667,2888.0119039917195,50.0,545,75,0.3577981651376147,0.5988872355567056
2.0,7,120.0,2,5.0,5.0,-2.3,within_scan,-2.0,within_scan,15457,93,0.28213754286083975,0.3175907355890535,0.40027172155010676,494,5.311827956989247,2301.093355761144,70.0,418,76,0.46411483253588515,0.5997282784498932
2.0,7,120.0,3,5.0,10.0,-2.3,within_scan,-2.0,within_scan,15457,93,0.27553859092967586,0.3250307304134049,0.39943067865691917,461,4.956989247311828,2147.3765931293265,65.0,386,75,0.5025906735751295,0.6005693213430807
5.0,3,15.0,1,5.0,0.0,-2.5,within_scan,-2.2,within_scan,15445,93,0.5187439300744577,0.14995144059566204,0.3313046293298802,3110,33.44086021505376,14497.895759145355,10.0,3085,25,0.07617504051863858,0.6686953706701197
5.0,3,15.0,2,5.0,5.0,-2.5,within_scan,-2.2,within_scan,15445,93,0.5228876659112982,0.0736808028488184,0.40343153123988346,1383,14.870967741935484,6447.13499514406,40.0,1294,89,0.012364760432766615,0.5965684687601166
5.0,3,15.0,3,5.0,10.0,-2.5,within_scan,-2.2,within_scan,15445,93,0.5123340887018453,0.05950145678213014,0.4281644545160246,872,9.376344086021506,4065.0048559404336,65.0,783,89,0.020434227330779056,0.5718355454839754
5.0,3,30.0,1,5.0,0.0,-2.3,within_scan,-2.1,within_scan,15445,93,0.5269019100032373,0.10955001618646812,0.3635480738102946,1529,16.440860215053764,7127.743606345096,25.0,1508,21,0.17108753315649866,0.6364519261897054
5.0,3,30.0,2,5.0,5.0,-2.3,within_scan,-2.1,within_scan,15445,93,0.545224991906766,0.07542894140498543,0.3793460666882486,936,10.064516129032258,4363.353836192942,55.0,875,61,0.13942857142857143,0.6206539333117514
5.0,3,30.0,3,5.0,10.0,-2.3,within_scan,-2.1,within_scan,15445,93,0.5461961799935254,0.07924894787957268,0.3745548721269019,870,9.35483870967742,4055.6814503075425,60.0,810,60,0.1506172839506173,0.6254451278730981
5.0,3,60.0,1,5.0,0.0,-2.5,within_scan,-2.2,within_scan,15445,93,0.3750080932340563,0.21184849465846553,0.4131434121074781,1203,12.935483870967742,5608.028488183879,35.0,1178,25,0.18845500848896435,0.5868565878925218
5.0,3,60.0,2,5.0,5.0,-2.5,within_scan,-2.2,within_scan,15445,93,0.3765619941728715,0.21087730657170606,0.4125606992554225,1194,12.838709677419354,5566.073162835869,35.0,1167,27,0.18594687232219365,0.5874393007445775
5.0,3,60.0,3,5.0,10.0,-2.5,within_scan,-2.2,within_scan,15445,93,0.38718031725477503,0.1917125283263192,0.4211071544189058,1045,11.236559139784946,4871.479443185497,40.0,1019,26,0.2129538763493621,0.5788928455810942
5.0,3,120.0,1,5.0,0.0,-2.3,within_scan,-2.1,within_scan,15445,93,0.3596633214632567,0.19974101651019746,0.4405956620265458,690,7.419354838709677,3216.5749433473616,50.0,613,77,0.27569331158238175,0.5594043379734541
5.0,3,120.0,2,5.0,5.0,-2.3,within_scan,-2.1,within_scan,15445,93,0.3619294269990288,0.19844609906118485,0.4396244739397863,658,7.075268817204301,3067.400453221107,55.0,580,78,0.2896551724137931,0.5603755260602137
5.0,3,120.0,3,5.0,10.0,-2.3,within_scan,-2.1,within_scan,15445,93,0.3631595985755908,0.19818711557138233,0.4386532858530269,658,7.075268817204301,3067.400453221107,55.0,580,78,0.2896551724137931,0.5613467141469731
5.0,5,15.0,1,5.0,0.0,-2.3,within_scan,-2.1,within_scan,15445,93,0.47322758174166396,0.1946260925865976,0.3321463256717384,3768,40.516129032258064,17565.296212366462,10.0,3746,22,0.04351308061932728,0.6678536743282616
5.0,5,15.0,2,5.0,5.0,-2.3,within_scan,-2.1,within_scan,15445,93,0.512204596956944,0.11835545483975396,0.36943994820330206,2550,27.419354838709676,11887.342181935903,15.0,2486,64,0.029766693483507644,0.6305600517966979
5.0,5,15.0,3,5.0,10.0,-2.3,within_scan,-2.1,within_scan,15445,93,0.5870508255098738,0.11706053739074133,0.2958886370993849,1288,13.849462365591398,6004.273227581742,15.0,1272,16,0.17374213836477986,0.704111362900615
5.0,5,30.0,1,5.0,0.0,-2.4,within_scan,-2.1,within_scan,15445,93,0.3089673033344124,0.31395273551311104,0.37707996115247655,1233,13.258064516129032,5747.879572677241,25.0,1214,19,0.21911037891268534,0.6229200388475234
5.0,5,30.0,2,5.0,5.0,-2.4,within_scan,-2.1,within_scan,15445,93,0.3171900291356426,0.31006798316607315,0.37274198769828426,894,9.612903225806452,4167.562317902234,55.0,875,19,0.29828571428571427,0.6272580123017157
5.0,5,30.0,3,5.0,10.0,-2.4,within_scan,-2.1,within_scan,15445,93,0.31867918420200714,0.3135642602784072,0.36775655551958564,825,8.870967741935484,3845.9048235674977,60.0,805,20,0.3242236024844721,0.6322434444804144
5.0,5,60.0,1,5.0,0.0,-2.2,within_scan,-2.0,within_scan,15445,93,0.33505988993201685,0.3069601812884429,0.3579799287795403,612,6.580645161290323,2852.9621236646162,90.0,594,18,0.5538720538720538,0.6420200712204598
5.0,5,60.0,2,5.0,5.0,-2.2,within_scan,-2.0,within_scan,15445,93,0.3374554872126902,0.3074134023955973,0.3551311103917125,512,5.505376344086022,2386.7918420200713,95.0,496,16,0.6612903225806451,0.6448688896082875
5.0,5,60.0,3,5.0,10.0,-2.2,within_scan,-2.0,within_scan,15445,93,0.3412107478148268,0.30430560051796696,0.3544836516672062,476,5.118279569892473,2218.970540628035,95.0,459,17,0.7124183006535948,0.6455163483327937
5.0,5,120.0,1,5.0,0.0,-2.2,within_scan,-2.0,within_scan,15445,93,0.3465846552282292,0.2661055357720945,0.38730980899967626,465,5.0,2167.691809647135,90.0,390,75,0.6128205128205129,0.6126901910003237
5.0,5,120.0,2,5.0,5.0,-2.2,within_scan,-2.0,within_scan,15445,93,0.3478148268047912,0.26571706053739075,0.38646811265781805,463,4.978494623655914,2158.368404014244,90.0,388,75,0.615979381443299,0.613531887342182
5.0,5,120.0,3,5.0,10.0,-2.2,within_scan,-2.0,within_scan,15445,93,0.3491097442538038,0.26526383943023635,0.38562641631595984,462,4.967741935483871,2153.7067011977983,90.0,386,76,0.616580310880829,0.6143735836840402
5.0,7,15.0,1,5.0,0.0,-2.4,within_scan,-2.2,within_scan,15445,93,0.35474263515700877,0.18750404661702816,0.4577533182259631,4250,45.69892473118279,19812.23696989317,10.0,4225,25,0.05136094674556213,0.5422466817740369
5.0,7,15.0,2,5.0,5.0,-2.4,within_scan,-2.2,within_scan,15445,93,0.4031078018776303,0.08753641955325348,0.5093557785691162,2510,26.989247311827956,11700.874069278085,15.0,2445,65,0.05930470347648262,0.49064422143088376
5.0,7,15.0,3,5.0,10.0,-2.3,within_scan,-2.2,within_scan,15445,93,0.4598251861443833,0.08397539656846877,0.45619941728714797,1070,11.505376344086022,4988.022013596634,20.0,1026,44,0.22807017543859648,0.543800582712852
5.0,7,30.0,1,5.0,0.0,-2.3,within_scan,-2.1,within_scan,15445,93,0.2562641631595986,0.34626092586597607,0.3974749109744254,1277,13.731182795698924,5952.994496600842,30.0,1218,59,0.2315270935960591,0.6025250890255747
5.0,7,30.0,2,5.0,5.0,-2.3,within_scan,-2.1,within_scan,15445,93,0.2580123017157656,0.34749109744253803,0.39449660084169635,1105,11.881720430107526,5151.181612172224,45.0,1046,59,0.26673040152963673,0.6055033991583036
5.0,7,30.0,3,5.0,10.0,-2.3,within_scan,-2.1,within_scan,15445,93,0.26183230819035286,0.33363548073810295,0.4045322110715442,903,9.709677419354838,4209.517643250243,45.0,848,55,0.3125,0.5954677889284559
5.0,7,60.0,1,5.0,0.0,-2.3,within_scan,-2.0,within_scan,15445,93,0.24486888960828748,0.38433149886694723,0.3707996115247653,609,6.548387096774194,2838.97701521528,85.0,529,80,0.5822306238185255,0.6292003884752347
5.0,7,60.0,2,5.0,5.0,-2.3,within_scan,-2.0,within_scan,15445,93,0.24642279054710262,0.383489802525089,0.37008740692780834,607,6.526881720430108,2829.653609582389,85.0,526,81,0.5817490494296578,0.6299125930721916
5.0,7,60.0,3,5.0,10.0,-2.3,within_scan,-2.0,within_scan,15445,93,0.24810618323081904,0.3826481061832308,0.3692457105859501,604,6.494623655913978,2815.6685011330524,85.0,524,80,0.583969465648855,0.6307542894140499
5.0,7,120.0,1,5.0,0.0,-2.2,within_scan,-1.9,within_scan,15445,93,0.2742635157008741,0.32618970540628034,0.39954677889284557,621,6.67741935483871,2894.9174490126256,45.0,544,77,0.29963235294117646,0.6004532211071545
5.0,7,120.0,2,5.0,5.0,-2.2,within_scan,-1.9,within_scan,15445,93,0.2735513111039171,0.3277436063450955,0.39870508255098736,555,5.967741935483871,2587.245063127226,45.0,478,77,0.3410041841004184,0.6012949174490125
5.0,7,120.0,3,5.0,10.0,-2.3,within_scan,-2.0,within_scan,15445,93,0.27898996438977014,0.32314664940110066,0.39786338620912914,491,5.279569892473118,2288.8960828747167,60.0,414,77,0.46618357487922707,0.6021366137908708
