dt_radio_s,sigma_db,seed,persistence_k,policy_update_s,minimum_confirmation_delay_s,t_c_db,t_c_status,t_r_db,t_r_status,nominal_valid_observations,nominal_sequence_count,nominal_c_share,nominal_r_share,nominal_f_share,nominal_switches,nominal_mean_switches_per_sequence,nominal_switches_per_100_group_h,nominal_median_post_switch_dwell_s,nominal_aks_actionability_evaluable_transitions,nominal_aks_actionability_right_censored_transitions,nominal_aks_completion_before_next_switch_fraction,nominal_cr_share
1.0,0.0,0,1,5.0,0.0,-2.2,within_scan,-2.0,within_scan,10308,87,0.17753201396973226,0.4046371750097012,0.4178308110205666,495,5.689655172413793,3457.5087310826543,60.0,420,75,0.5619047619047619,0.5821691889794335
1.0,0.0,0,2,5.0,5.0,-2.2,within_scan,-2.0,within_scan,10308,87,0.17753201396973226,0.4105549088086923,0.4119130772215755,370,4.252873563218391,2584.4004656577417,120.0,295,75,0.7966101694915254,0.5880869227784246
1.0,0.0,0,3,5.0,10.0,-2.2,within_scan,-2.0,within_scan,10308,87,0.17753201396973226,0.4105549088086923,0.4119130772215755,356,4.091954022988506,2486.6123399301514,120.0,293,63,0.7952218430034129,0.5880869227784246
1.0,0.5,0,1,5.0,0.0,-2.6,within_scan,-2.2,within_scan,10308,87,0.17122623205277454,0.2660069848661234,0.5627667830811021,935,10.74712643678161,6530.849825378347,20.0,858,77,0.16433566433566432,0.43723321691889794
1.0,0.5,0,2,5.0,5.0,-2.6,within_scan,-2.2,within_scan,10308,87,0.17161428017074118,0.26610399689561504,0.5622817229336438,704,8.091954022988507,4917.345750873108,30.0,627,77,0.23923444976076555,0.43771827706635624
1.0,0.5,0,3,5.0,10.0,-2.6,within_scan,-2.2,within_scan,10308,87,0.1785021342646488,0.25572370974000774,0.5657741559953434,550,6.32183908045977,3841.676367869616,50.0,485,65,0.2721649484536082,0.4342258440046566
1.0,0.5,1,1,5.0,0.0,-2.6,within_scan,-2.2,within_scan,10308,87,0.16996507566938301,0.28599146294140476,0.5440434613892122,880,10.114942528735632,6146.682188591385,25.0,802,78,0.17830423940149626,0.4559565386107878
1.0,0.5,1,2,5.0,5.0,-2.5,within_scan,-2.2,within_scan,10308,87,0.16996507566938301,0.28511835467597985,0.5449165696546372,704,8.091954022988507,4917.345750873108,30.0,626,78,0.2507987220447284,0.45508343034536286
1.0,0.5,1,3,5.0,10.0,-2.5,within_scan,-2.2,within_scan,10308,87,0.17481567714396584,0.2788125727590221,0.546371750097012,568,6.528735632183908,3967.4039580908034,50.0,504,64,0.2857142857142857,0.45362824990298795
1.0,0.5,2,1,5.0,0.0,-2.6,within_scan,-2.2,within_scan,10308,87,0.1692859914629414,0.2854093907644548,0.5453046177726038,933,10.724137931034482,6516.880093131548,20.0,856,77,0.17523364485981308,0.45469538222739625
1.0,0.5,2,2,5.0,5.0,-2.6,within_scan,-2.2,within_scan,10308,87,0.1694800155219247,0.286476523088863,0.5440434613892122,735,8.448275862068966,5133.876600698487,30.0,657,78,0.2343987823439878,0.4559565386107877
1.0,0.5,2,3,5.0,10.0,-2.6,within_scan,-2.2,within_scan,10308,87,0.17481567714396584,0.27852153667054713,0.546662786185487,579,6.655172413793103,4044.2374854481955,45.0,509,70,0.2691552062868369,0.453337213814513
1.0,0.5,3,1,5.0,0.0,-2.6,within_scan,-2.2,within_scan,10308,87,0.1690919674039581,0.2937524253007373,0.5371556072953046,863,9.919540229885058,6027.939464493597,20.0,787,76,0.2071156289707751,0.4628443927046954
1.0,0.5,3,2,5.0,5.0,-2.5,within_scan,-2.2,within_scan,10308,87,0.16918897943344974,0.29627473806752036,0.5345362824990298,729,8.379310344827585,5091.967403958091,30.0,652,77,0.25,0.4654637175009701
1.0,0.5,3,3,5.0,10.0,-2.5,within_scan,-2.2,within_scan,10308,87,0.17500970120294917,0.2885137757081878,0.5364765230888631,554,6.367816091954023,3869.615832363213,50.0,492,62,0.30284552845528456,0.463523476911137
1.0,0.5,4,1,5.0,0.0,-2.6,within_scan,-2.2,within_scan,10308,87,0.1692859914629414,0.2641637563057819,0.5665502522312766,969,11.137931034482758,6768.335273573923,20.0,892,77,0.16143497757847533,0.43344974776872336
1.0,0.5,4,2,5.0,5.0,-2.6,within_scan,-2.2,within_scan,10308,87,0.16986806363989135,0.263581684128832,0.5665502522312766,757,8.701149425287356,5287.543655413271,30.0,680,77,0.21029411764705883,0.43344974776872336
1.0,0.5,4,3,5.0,10.0,-2.6,within_scan,-2.2,within_scan,10308,87,0.17801707411719053,0.25009701202949164,0.5718859138533178,591,6.793103448275862,4128.055878928987,40.0,522,69,0.23563218390804597,0.42811408614668217
1.0,0.5,5,1,5.0,0.0,-2.5,within_scan,-2.2,within_scan,10308,87,0.1692859914629414,0.2900659681800543,0.5406480403570043,956,10.988505747126437,6677.532013969732,20.0,878,78,0.17995444191343962,0.4593519596429957
1.0,0.5,5,2,5.0,5.0,-2.5,within_scan,-2.2,within_scan,10308,87,0.16938300349243307,0.286767559177338,0.543849437330229,731,8.402298850574713,5105.93713620489,30.0,653,78,0.23583460949464014,0.45615056266977105
1.0,0.5,5,3,5.0,10.0,-2.5,within_scan,-2.2,within_scan,10308,87,0.17549476135040745,0.2812378734963135,0.543267365153279,540,6.206896551724138,3771.8277066356227,50.0,475,65,0.3136842105263158,0.456732634846721
1.0,0.5,6,1,5.0,0.0,-2.6,within_scan,-2.2,within_scan,10308,87,0.1692859914629414,0.290162980209546,0.5405510283275126,928,10.666666666666666,6481.955762514552,20.0,849,79,0.1790341578327444,0.45944897167248744
1.0,0.5,6,2,5.0,5.0,-2.6,within_scan,-2.2,within_scan,10308,87,0.16996507566938301,0.2888048117966628,0.5412301125339543,760,8.735632183908047,5308.498253783469,30.0,681,79,0.22026431718061673,0.4587698874660458
1.0,0.5,6,3,5.0,10.0,-2.6,within_scan,-2.2,within_scan,10308,87,0.17539774932091579,0.2817229336437718,0.5428793170353123,607,6.977011494252873,4239.813736903376,40.0,537,70,0.25884543761638734,0.4571206829646876
1.0,0.5,7,1,5.0,0.0,-2.6,within_scan,-2.2,within_scan,10308,87,0.1690919674039581,0.2853123787349631,0.5455956538610788,1019,11.71264367816092,7117.578579743888,15.0,941,78,0.155154091392136,0.4544043461389212
1.0,0.5,7,2,5.0,5.0,-2.6,within_scan,-2.2,within_scan,10308,87,0.16957702755141638,0.28550640279394646,0.5449165696546372,735,8.448275862068966,5133.876600698487,25.0,657,78,0.2313546423135464,0.4550834303453628
1.0,0.5,7,3,5.0,10.0,-2.6,within_scan,-2.2,within_scan,10308,87,0.1781140861466822,0.27347691113698097,0.5484090027163369,550,6.32183908045977,3841.676367869616,45.0,486,64,0.29835390946502055,0.45159099728366314
1.0,0.5,8,1,5.0,0.0,-2.6,within_scan,-2.2,within_scan,10308,87,0.16715172681412496,0.27541715172681414,0.5574311214590609,926,10.64367816091954,6467.986030267753,20.0,849,77,0.1790341578327444,0.44256887854093907
1.0,0.5,8,2,5.0,5.0,-2.6,within_scan,-2.2,within_scan,10308,87,0.16763678696158324,0.2740589833139309,0.5583042297244858,736,8.459770114942529,5140.861466821886,30.0,658,78,0.23404255319148937,0.44169577027551415
1.0,0.5,8,3,5.0,10.0,-2.6,within_scan,-2.2,within_scan,10308,87,0.17597982149786573,0.2637757081878153,0.560244470314319,562,6.459770114942529,3925.4947613504078,50.0,493,69,0.2839756592292089,0.43975552968568105
1.0,0.5,9,1,5.0,0.0,-2.6,within_scan,-2.2,within_scan,10308,87,0.16967403958090804,0.3084012417539775,0.5219247186651145,863,9.919540229885058,6027.939464493597,20.0,786,77,0.20229007633587787,0.4780752813348855
1.0,0.5,9,2,5.0,5.0,-2.6,within_scan,-2.2,within_scan,10308,87,0.17006208769887465,0.31150562669771054,0.5184322856034148,694,7.977011494252873,4847.497089639115,35.0,616,78,0.2694805194805195,0.4815677143965852
1.0,0.5,9,3,5.0,10.0,-2.6,within_scan,-2.2,within_scan,10308,87,0.1738455568490493,0.31121459060923556,0.5149398525417151,554,6.367816091954023,3869.615832363213,50.0,491,63,0.3319755600814664,0.48506014745828485
1.0,0.5,10,1,5.0,0.0,-2.6,within_scan,-2.2,within_scan,10308,87,0.1694800155219247,0.27580519984478075,0.5547147846332945,936,10.758620689655173,6537.834691501746,20.0,857,79,0.16686114352392065,0.44528521536670546
1.0,0.5,10,2,5.0,5.0,-2.6,within_scan,-2.2,within_scan,10308,87,0.17054714784633296,0.2775514163756306,0.5519014357780365,736,8.459770114942529,5140.861466821886,30.0,657,79,0.2222222222222222,0.44809856422196354
1.0,0.5,10,3,5.0,10.0,-2.6,within_scan,-2.2,within_scan,10308,87,0.1758828094683741,0.2652308886301901,0.5588863019014357,578,6.64367816091954,4037.2526193247963,45.0,509,69,0.2691552062868369,0.4411136980985642
1.0,0.5,11,1,5.0,0.0,-2.6,within_scan,-2.2,within_scan,10308,87,0.16763678696158324,0.2775514163756306,0.5548117966627862,975,11.206896551724139,6810.244470314319,20.0,897,78,0.1516164994425864,0.4451882033372138
1.0,0.5,11,2,5.0,5.0,-2.5,within_scan,-2.2,within_scan,10308,87,0.1684128831975165,0.27696934419868063,0.5546177726038028,731,8.402298850574713,5105.93713620489,30.0,653,78,0.22817764165390506,0.44538222739619715
1.0,0.5,11,3,5.0,10.0,-2.5,within_scan,-2.2,within_scan,10308,87,0.17413659293752426,0.26814124951493984,0.5577221575475358,568,6.528735632183908,3967.4039580908034,45.0,503,65,0.2664015904572565,0.4422778424524641
1.0,0.5,12,1,5.0,0.0,-2.6,within_scan,-2.2,within_scan,10308,87,0.1708381839348079,0.2757081878152891,0.553453628249903,911,10.471264367816092,6363.213038416764,20.0,833,78,0.1752701080432173,0.44654637175009704
1.0,0.5,12,2,5.0,5.0,-2.6,within_scan,-2.2,within_scan,10308,87,0.17074117190531626,0.2729918509895227,0.556266977105161,761,8.74712643678161,5315.4831199068685,30.0,684,77,0.21783625730994152,0.44373302289483896
1.0,0.5,12,3,5.0,10.0,-2.6,within_scan,-2.2,within_scan,10308,87,0.17714396585176562,0.26232052774544046,0.5605355064027939,583,6.7011494252873565,4072.176949941793,45.0,514,69,0.24319066147859922,0.4394644935972061
1.0,0.5,13,1,5.0,0.0,-2.6,within_scan,-2.2,within_scan,10308,87,0.17054714784633296,0.2891928599146294,0.5402599922390376,933,10.724137931034482,6516.880093131548,20.0,855,78,0.17660818713450294,0.45974000776096235
1.0,0.5,13,2,5.0,5.0,-2.6,within_scan,-2.2,within_scan,10308,87,0.17074117190531626,0.2913271245634459,0.5379317035312379,718,8.25287356321839,5015.133876600698,30.0,641,77,0.25273010920436817,0.46206829646876213
1.0,0.5,13,3,5.0,10.0,-2.6,within_scan,-2.2,within_scan,10308,87,0.17724097788125728,0.2767753201396973,0.5459837019790454,573,6.586206896551724,4002.3282887077994,45.0,509,64,0.2868369351669941,0.45401629802095456
1.0,0.5,14,1,5.0,0.0,-2.6,within_scan,-2.2,within_scan,10308,87,0.1704501358168413,0.28191695770275516,0.5476329064804035,879,10.10344827586207,6139.697322467986,20.0,800,79,0.185,0.4523670935195965
1.0,0.5,14,2,5.0,5.0,-2.6,within_scan,-2.2,within_scan,10308,87,0.17093519596429957,0.28259604190919674,0.5464687621265036,703,8.080459770114942,4910.360884749709,35.0,625,78,0.2448,0.4535312378734963
1.0,0.5,14,3,5.0,10.0,-2.6,within_scan,-2.2,within_scan,10308,87,0.17656189367481567,0.2704695382227396,0.5529685681024447,534,6.137931034482759,3729.918509895227,55.0,463,71,0.2980561555075594,0.4470314318975553
1.0,0.5,15,1,5.0,0.0,-2.6,within_scan,-2.2,within_scan,10308,87,0.16831587116802482,0.2651338766006985,0.5665502522312766,918,10.551724137931034,6412.107101280559,20.0,840,78,0.1869047619047619,0.4334497477687233
1.0,0.5,15,2,5.0,5.0,-2.5,within_scan,-2.2,within_scan,10308,87,0.1694800155219247,0.26455180442374854,0.5659681800543267,711,8.172413793103448,4966.239813736904,30.0,633,78,0.2527646129541864,0.43403181994567325
1.0,0.5,15,3,5.0,10.0,-2.5,within_scan,-2.2,within_scan,10308,87,0.17462165308498254,0.2532013969732247,0.5721769499417928,542,6.2298850574712645,3785.7974388824214,55.0,475,67,0.2968421052631579,0.4278230500582072
1.0,0.5,16,1,5.0,0.0,-2.6,within_scan,-2.2,within_scan,10308,87,0.17171129220023282,0.29433449747768725,0.5339542103220799,940,10.804597701149426,6565.774155995343,20.0,862,78,0.18561484918793503,0.4660457896779201
1.0,0.5,16,2,5.0,5.0,-2.6,within_scan,-2.2,within_scan,10308,87,0.17180830422972448,0.29549864183158714,0.5326930539386884,682,7.839080459770115,4763.678696158324,35.0,603,79,0.2703150912106136,0.4673069460613116
1.0,0.5,16,3,5.0,10.0,-2.6,within_scan,-2.2,within_scan,10308,87,0.17714396585176562,0.2853123787349631,0.5375436554132712,532,6.114942528735632,3715.9487776484284,50.0,465,67,0.30752688172043013,0.46245634458672874
1.0,0.5,17,1,5.0,0.0,-2.6,within_scan,-2.2,within_scan,10308,87,0.16996507566938301,0.26969344198680634,0.5603414823438106,1031,11.850574712643677,7201.396973224681,15.0,953,78,0.1458551941238195,0.43965851765618935
1.0,0.5,17,2,5.0,5.0,-2.6,within_scan,-2.2,within_scan,10308,87,0.17074117190531626,0.2707605743112146,0.5584982537834692,741,8.517241379310345,5175.785797438883,30.0,662,79,0.21601208459214502,0.4415017462165308
1.0,0.5,17,3,5.0,10.0,-2.5,within_scan,-2.2,within_scan,10308,87,0.176464881645324,0.25688785409390763,0.5666472642607684,566,6.505747126436781,3953.4342258440047,45.0,501,65,0.25149700598802394,0.4333527357392316
1.0,0.5,18,1,5.0,0.0,-2.6,within_scan,-2.2,within_scan,10308,87,0.17209934031819946,0.28977493209157934,0.5381257275902211,863,9.919540229885058,6027.939464493597,25.0,784,79,0.18877551020408162,0.4618742724097788
1.0,0.5,18,2,5.0,5.0,-2.6,within_scan,-2.2,within_scan,10308,87,0.17239037640667443,0.28861078773767945,0.5389988358556461,724,8.32183908045977,5057.043073341094,30.0,645,79,0.23410852713178296,0.4610011641443539
1.0,0.5,18,3,5.0,10.0,-2.6,within_scan,-2.2,within_scan,10308,87,0.17792006208769887,0.28104384943733024,0.5410360884749709,572,6.574712643678161,3995.3434225844007,45.0,502,70,0.27091633466135456,0.45896391152502913
1.0,0.5,19,1,5.0,0.0,-2.6,within_scan,-2.2,within_scan,10308,87,0.16986806363989135,0.26979045401629803,0.5603414823438106,907,10.425287356321839,6335.273573923167,20.0,829,78,0.19059107358262967,0.43965851765618935
1.0,0.5,19,2,5.0,5.0,-2.6,within_scan,-2.2,within_scan,10308,87,0.17006208769887465,0.2656189367481568,0.5643189755529686,681,7.827586206896552,4756.693830034925,30.0,604,77,0.25662251655629137,0.43568102444703144
1.0,0.5,19,3,5.0,10.0,-2.6,within_scan,-2.2,within_scan,10308,87,0.17539774932091579,0.25300737291424136,0.5715948777648429,525,6.0344827586206895,3667.0547147846332,55.0,460,65,0.2826086956521739,0.42840512223515714
1.0,1.0,0,1,5.0,0.0,-3.2,within_scan,-2.7,within_scan,10308,87,0.13242142025611175,0.1850989522700815,0.6824796274738067,957,11.0,6684.5168800931315,15.0,881,76,0.13507377979568672,0.31752037252619325
1.0,1.0,0,2,5.0,5.0,-3.2,within_scan,-2.7,within_scan,10308,87,0.13251843228560342,0.18228560341482344,0.6851959642995732,689,7.919540229885057,4812.572759022119,25.0,611,78,0.20949263502454993,0.31480403570042687
1.0,1.0,0,3,5.0,10.0,-3.2,within_scan,-2.7,within_scan,10308,87,0.14008537058595266,0.16938300349243307,0.6905316259216143,513,5.896551724137931,3583.2363213038416,40.0,443,70,0.27539503386004516,0.30946837407838573
1.0,1.0,1,1,5.0,0.0,-3.2,within_scan,-2.7,within_scan,10308,87,0.13106325184322856,0.19945673263484673,0.6694800155219247,956,10.988505747126437,6677.532013969732,20.0,877,79,0.12998859749144812,0.3305199844780753
1.0,1.0,1,2,5.0,5.0,-3.2,within_scan,-2.7,within_scan,10308,87,0.13174233604967017,0.19606131160263873,0.6721963523476912,708,8.137931034482758,4945.285215366705,30.0,630,78,0.1984126984126984,0.3278036476523089
1.0,1.0,1,3,5.0,10.0,-3.2,within_scan,-2.7,within_scan,10308,87,0.1377570818781529,0.18218859138533178,0.6800543267365153,510,5.862068965517241,3562.281722933644,45.0,442,68,0.27149321266968324,0.31994567326348466
1.0,1.0,2,1,5.0,0.0,-3.2,within_scan,-2.7,within_scan,10308,87,0.1280558789289872,0.18655413271245636,0.6853899883585565,917,10.540229885057471,6405.122235157159,20.0,838,79,0.13365155131264916,0.31461001164144353
1.0,1.0,2,2,5.0,5.0,-3.2,within_scan,-2.7,within_scan,10308,87,0.1273767947225456,0.18432285603414825,0.6883003492433062,718,8.25287356321839,5015.133876600698,25.0,639,79,0.18779342723004694,0.3116996507566938
1.0,1.0,2,3,5.0,10.0,-3.2,within_scan,-2.7,within_scan,10308,87,0.13358556461001164,0.17219635234769112,0.6942180830422973,538,6.183908045977011,3757.8579743888245,40.0,468,70,0.24145299145299146,0.30578191695770274
1.0,1.0,3,1,5.0,0.0,-3.2,within_scan,-2.7,within_scan,10308,87,0.12883197516492045,0.19625533566162204,0.6749126891734575,994,11.425287356321839,6942.956926658906,15.0,916,78,0.13100436681222707,0.3250873108265425
1.0,1.0,3,2,5.0,5.0,-3.2,within_scan,-2.7,within_scan,10308,87,0.1280558789289872,0.19664338377958868,0.6753007372914241,690,7.931034482758621,4819.557625145518,25.0,613,77,0.21207177814029363,0.32469926270857585
1.0,1.0,3,3,5.0,10.0,-3.2,within_scan,-2.7,within_scan,10308,87,0.13465269693441986,0.1837407838571983,0.6816065192083819,507,5.827586206896552,3541.327124563446,45.0,442,65,0.2850678733031674,0.31839348079161817
1.0,1.0,4,1,5.0,0.0,-3.2,within_scan,-2.7,within_scan,10308,87,0.12553356616220412,0.1820915793558401,0.6923748544819558,1023,11.758620689655173,7145.518044237486,15.0,946,77,0.11733615221987315,0.3076251455180442
1.0,1.0,4,2,5.0,5.0,-3.2,within_scan,-2.7,within_scan,10308,87,0.12572759022118743,0.17918121847109042,0.6950911913077221,729,8.379310344827585,5091.967403958091,25.0,651,78,0.18433179723502305,0.3049088086922779
1.0,1.0,4,3,5.0,10.0,-3.2,within_scan,-2.7,within_scan,10308,87,0.13203337213814512,0.16103996895615055,0.7069266589057043,532,6.114942528735632,3715.9487776484284,40.0,459,73,0.23965141612200436,0.29307334109429567
1.0,1.0,5,1,5.0,0.0,-3.2,within_scan,-2.7,within_scan,10308,87,0.12795886689949554,0.2076057431121459,0.6644353899883586,938,10.781609195402298,6551.804423748546,20.0,861,77,0.13356562137049943,0.33556461001164145
1.0,1.0,5,2,5.0,5.0,-3.1,within_scan,-2.6,within_scan,10308,87,0.12863795110593715,0.2060535506402794,0.6653084982537835,703,8.080459770114942,4910.360884749709,25.0,627,76,0.19617224880382775,0.33469150174621654
1.0,1.0,5,3,5.0,10.0,-3.1,within_scan,-2.6,within_scan,10308,87,0.1352347691113698,0.19324796274738068,0.6715172681412496,530,6.091954022988506,3701.9790454016297,45.0,463,67,0.265658747300216,0.3284827318587505
1.0,1.0,6,1,5.0,0.0,-3.2,within_scan,-2.7,within_scan,10308,87,0.12630966239813737,0.20547147846332944,0.6682188591385332,918,10.551724137931034,6412.107101280559,20.0,838,80,0.13126491646778043,0.3317811408614668
1.0,1.0,6,2,5.0,5.0,-3.2,within_scan,-2.7,within_scan,10308,87,0.12727978269305393,0.20236709351959642,0.6703531237873497,698,8.022988505747126,4875.436554132712,30.0,618,80,0.19093851132686085,0.3296468762126503
1.0,1.0,6,3,5.0,10.0,-3.2,within_scan,-2.7,within_scan,10308,87,0.13222739619712845,0.19247186651144743,0.6753007372914241,529,6.080459770114943,3694.99417927823,45.0,459,70,0.25272331154684097,0.32469926270857585
1.0,1.0,7,1,5.0,0.0,-3.2,within_scan,-2.7,within_scan,10308,87,0.12213814512999611,0.18451688009313155,0.6933449747768723,951,10.931034482758621,6642.607683352736,20.0,874,77,0.13272311212814644,0.30665502522312765
1.0,1.0,7,2,5.0,5.0,-3.2,within_scan,-2.7,within_scan,10308,87,0.12204113310050446,0.18180054326736517,0.6961583236321304,709,8.149425287356323,4952.2700814901045,30.0,631,78,0.19334389857369255,0.30384167636786963
1.0,1.0,7,3,5.0,10.0,-3.2,within_scan,-2.7,within_scan,10308,87,0.12669771051610398,0.16967403958090804,0.703628249902988,552,6.344827586206897,3855.6461001164143,40.0,480,72,0.23125,0.296371750097012
1.0,1.0,8,1,5.0,0.0,-3.2,within_scan,-2.7,within_scan,10308,87,0.12504850601474582,0.1875242530073729,0.6874272409778812,924,10.620689655172415,6454.016298020954,20.0,847,77,0.12868949232585597,0.31257275902211873
1.0,1.0,8,2,5.0,5.0,-3.2,within_scan,-2.7,within_scan,10308,87,0.12543655413271246,0.18558401241753977,0.6889794334497478,682,7.839080459770115,4763.678696158324,30.0,605,77,0.19834710743801653,0.31102056655025223
1.0,1.0,8,3,5.0,10.0,-3.2,within_scan,-2.7,within_scan,10308,87,0.129802095459837,0.1762708575863407,0.6939270469538222,527,6.057471264367816,3681.0244470314315,40.0,462,65,0.2510822510822511,0.3060729530461777
1.0,1.0,9,1,5.0,0.0,-3.2,within_scan,-2.7,within_scan,10308,87,0.12931703531237873,0.2071206829646876,0.6635622817229336,931,10.701149425287356,6502.91036088475,20.0,852,79,0.12793427230046947,0.33643771827706637
1.0,1.0,9,2,5.0,5.0,-3.2,within_scan,-2.7,within_scan,10308,87,0.12922002328288706,0.20527745440434614,0.6655025223127667,742,8.528735632183908,5182.770663562282,25.0,663,79,0.17496229260935142,0.3344974776872332
1.0,1.0,9,3,5.0,10.0,-3.2,within_scan,-2.7,within_scan,10308,87,0.13387660069848661,0.19577027551416376,0.6703531237873497,576,6.620689655172414,4023.2828870779977,40.0,501,75,0.23353293413173654,0.3296468762126504
1.0,1.0,10,1,5.0,0.0,-3.2,within_scan,-2.7,within_scan,10308,87,0.12252619324796275,0.17520372526193248,0.7022700814901047,890,10.229885057471265,6216.530849825379,20.0,811,79,0.14919852034525277,0.2977299185098952
1.0,1.0,10,2,5.0,5.0,-3.2,within_scan,-2.7,within_scan,10308,87,0.12272021730694606,0.17112922002328287,0.706150562669771,693,7.9655172413793105,4840.512223515716,25.0,615,78,0.21300813008130082,0.29384943733022895
1.0,1.0,10,3,5.0,10.0,-3.2,within_scan,-2.7,within_scan,10308,87,0.12902599922390376,0.15832363213038417,0.7126503686457121,519,5.9655172413793105,3625.145518044237,40.0,450,69,0.2688888888888889,0.2873496313542879
1.0,1.0,11,1,5.0,0.0,-3.2,within_scan,-2.7,within_scan,10308,87,0.12912301125339543,0.17889018238261545,0.6919868063639891,975,11.206896551724139,6810.244470314319,20.0,897,78,0.12597547380156077,0.3080131936360109
1.0,1.0,11,2,5.0,5.0,-3.2,within_scan,-2.7,within_scan,10308,87,0.12912301125339543,0.1749126891734575,0.6959642995731471,716,8.229885057471265,5001.1641443539,25.0,639,77,0.18779342723004694,0.3040357004268529
1.0,1.0,11,3,5.0,10.0,-3.2,within_scan,-2.7,within_scan,10308,87,0.13533178114086147,0.16268917345750872,0.7019790454016298,551,6.333333333333333,3848.661233993015,35.0,474,77,0.229957805907173,0.2980209545983702
1.0,1.0,12,1,5.0,0.0,-3.2,within_scan,-2.7,within_scan,10308,87,0.13203337213814512,0.17840512223515717,0.6895615056266977,897,10.310344827586206,6265.424912689173,20.0,819,78,0.14896214896214896,0.3104384943733023
1.0,1.0,12,2,5.0,5.0,-3.2,within_scan,-2.7,within_scan,10308,87,0.13203337213814512,0.1740395809080326,0.6939270469538222,683,7.850574712643678,4770.663562281723,30.0,605,78,0.20826446280991737,0.3060729530461777
1.0,1.0,12,3,5.0,10.0,-3.2,within_scan,-2.7,within_scan,10308,87,0.13804811796662786,0.16133100504462553,0.7006208769887466,517,5.942528735632184,3611.1757857974385,40.0,447,70,0.27069351230425054,0.29937912301125336
1.0,1.0,13,1,5.0,0.0,-3.2,within_scan,-2.7,within_scan,10308,87,0.12417539774932092,0.19121071012805588,0.6846138921226232,966,11.10344827586207,6747.380675203725,20.0,887,79,0.12288613303269448,0.3153861078773768
1.0,1.0,13,2,5.0,5.0,-3.2,within_scan,-2.7,within_scan,10308,87,0.12359332557237097,0.1871362048894063,0.6892704695382227,726,8.344827586206897,5071.012805587893,30.0,648,78,0.1712962962962963,0.31072953046177726
1.0,1.0,13,3,5.0,10.0,-3.2,within_scan,-2.7,within_scan,10308,87,0.12854093907644548,0.1760768335273574,0.6953822273961972,542,6.2298850574712645,3785.7974388824214,40.0,466,76,0.2296137339055794,0.30461777260380285
1.0,1.0,14,1,5.0,0.0,-3.2,within_scan,-2.7,within_scan,10308,87,0.12970508343034537,0.17530073729142415,0.6949941792782305,921,10.586206896551724,6433.061699650756,20.0,844,77,0.13981042654028436,0.3050058207217695
1.0,1.0,14,2,5.0,5.0,-3.2,within_scan,-2.7,within_scan,10308,87,0.1302871556072953,0.17306946061311604,0.6966433837795887,691,7.942528735632184,4826.542491268918,25.0,612,79,0.19934640522875818,0.3033566162204113
1.0,1.0,14,3,5.0,10.0,-3.2,within_scan,-2.7,within_scan,10308,87,0.1352347691113698,0.15997283663174233,0.7047923942568879,521,5.988505747126437,3639.115250291036,40.0,452,69,0.25663716814159293,0.2952076057431121
1.0,1.0,15,1,5.0,0.0,-3.2,within_scan,-2.7,within_scan,10308,87,0.12223515715948778,0.19557625145518046,0.6821885913853318,902,10.367816091954023,6300.34924330617,20.0,825,77,0.14666666666666667,0.3178114086146682
1.0,1.0,15,2,5.0,5.0,-3.2,within_scan,-2.7,within_scan,10308,87,0.12155607295304617,0.19441210710128057,0.6840318199456733,690,7.931034482758621,4819.557625145518,25.0,612,78,0.2173202614379085,0.31596818005432675
1.0,1.0,15,3,5.0,10.0,-3.2,within_scan,-2.7,within_scan,10308,87,0.12766783081102057,0.18141249514939853,0.6909196740395809,534,6.137931034482759,3729.918509895227,40.0,460,74,0.2673913043478261,0.3090803259604191
1.0,1.0,16,1,5.0,0.0,-3.2,within_scan,-2.7,within_scan,10308,87,0.12524253007372915,0.18907644547923944,0.6856810244470314,873,10.03448275862069,6097.788125727591,20.0,793,80,0.14627994955863807,0.3143189755529686
1.0,1.0,16,2,5.0,5.0,-3.2,within_scan,-2.7,within_scan,10308,87,0.1260186263096624,0.18810632518432285,0.6858750485060148,686,7.885057471264368,4791.61816065192,30.0,606,80,0.20297029702970298,0.3141249514939852
1.0,1.0,16,3,5.0,10.0,-3.2,within_scan,-2.7,within_scan,10308,87,0.13271245634458673,0.17316647264260768,0.6941210710128056,528,6.068965517241379,3688.009313154831,40.0,456,72,0.2565789473684211,0.3058789289871944
1.0,1.0,17,1,5.0,0.0,-3.2,within_scan,-2.7,within_scan,10308,87,0.12650368645712068,0.1774350019402406,0.6960613116026387,941,10.816091954022989,6572.759022118742,20.0,863,78,0.1320973348783314,0.30393868839736127
1.0,1.0,17,2,5.0,5.0,-3.2,within_scan,-2.7,within_scan,10308,87,0.12727978269305393,0.173360496701591,0.6993597206053551,704,8.091954022988507,4917.345750873108,25.0,630,74,0.2015873015873016,0.30064027939464494
1.0,1.0,17,3,5.0,10.0,-3.2,within_scan,-2.7,within_scan,10308,87,0.13377958866899495,0.15725649980597595,0.7089639115250291,521,5.988505747126437,3639.115250291036,40.0,449,72,0.267260579064588,0.29103608847497087
1.0,1.0,18,1,5.0,0.0,-3.2,within_scan,-2.7,within_scan,10308,87,0.13106325184322856,0.19722545595653862,0.6717112922002328,944,10.850574712643677,6593.71362048894,20.0,864,80,0.13773148148148148,0.32828870779976715
1.0,1.0,18,2,5.0,5.0,-3.2,within_scan,-2.7,within_scan,10308,87,0.13067520372526192,0.19780752813348856,0.6715172681412496,738,8.482758620689655,5154.831199068684,25.0,659,79,0.18512898330804248,0.3284827318587505
1.0,1.0,18,3,5.0,10.0,-3.1,within_scan,-2.7,within_scan,10308,87,0.13678696158323633,0.18471090415211486,0.6785021342646488,563,6.471264367816092,3932.4796274738064,40.0,488,75,0.24795081967213115,0.3214978657353512
1.0,1.0,19,1,5.0,0.0,-3.2,within_scan,-2.7,within_scan,10308,87,0.123302289483896,0.1873302289483896,0.6893674815677144,909,10.448275862068966,6349.243306169965,20.0,831,78,0.13959085439229843,0.3106325184322856
1.0,1.0,19,2,5.0,5.0,-3.2,within_scan,-2.7,within_scan,10308,87,0.1237873496313543,0.1859720605355064,0.6902405898331393,691,7.942528735632184,4826.542491268918,30.0,615,76,0.1967479674796748,0.3097594101668607
1.0,1.0,19,3,5.0,10.0,-3.2,within_scan,-2.7,within_scan,10308,87,0.129802095459837,0.17306946061311604,0.697128443927047,534,6.137931034482759,3729.918509895227,40.0,462,72,0.2619047619047619,0.302871556072953
2.0,0.0,0,1,5.0,0.0,-2.2,within_scan,-2.0,within_scan,10320,87,0.1821705426356589,0.4052325581395349,0.4125968992248062,421,4.839080459770115,2937.209302325581,115.0,346,75,0.6820809248554913,0.5874031007751939
2.0,0.0,0,2,5.0,5.0,-2.2,within_scan,-2.0,within_scan,10320,87,0.1821705426356589,0.40755813953488373,0.41027131782945736,370,4.252873563218391,2581.3953488372094,120.0,295,75,0.7966101694915254,0.5897286821705426
2.0,0.0,0,3,5.0,10.0,-2.2,within_scan,-2.0,within_scan,10320,87,0.1821705426356589,0.40755813953488373,0.41027131782945736,370,4.252873563218391,2581.3953488372094,120.0,293,77,0.7952218430034129,0.5897286821705426
2.0,0.5,0,1,5.0,0.0,-2.6,within_scan,-2.2,within_scan,10320,87,0.19127906976744186,0.30125968992248064,0.5074612403100776,907,10.425287356321839,6327.906976744186,25.0,829,78,0.18214716525934863,0.4925387596899225
2.0,0.5,0,2,5.0,5.0,-2.6,within_scan,-2.2,within_scan,10320,87,0.19137596899224807,0.3000968992248062,0.5085271317829457,723,8.310344827586206,5044.186046511628,30.0,646,77,0.23529411764705882,0.49147286821705427
2.0,0.5,0,3,5.0,10.0,-2.5,within_scan,-2.2,within_scan,10320,87,0.19757751937984497,0.2926356589147287,0.5097868217054263,587,6.747126436781609,4095.348837209302,45.0,519,68,0.28709055876685935,0.49021317829457367
2.0,0.5,1,1,5.0,0.0,-2.5,within_scan,-2.2,within_scan,10320,87,0.18304263565891474,0.3130813953488372,0.5038759689922481,953,10.954022988505747,6648.837209302325,20.0,874,79,0.18649885583524028,0.49612403100775193
2.0,0.5,1,2,5.0,5.0,-2.5,within_scan,-2.2,within_scan,10320,87,0.1817829457364341,0.31550387596899226,0.5027131782945736,728,8.367816091954023,5079.069767441861,30.0,652,76,0.25,0.4972868217054264
2.0,0.5,1,3,5.0,10.0,-2.5,within_scan,-2.2,within_scan,10320,87,0.18556201550387597,0.30891472868217057,0.5055232558139535,540,6.206896551724138,3767.4418604651164,50.0,469,71,0.34754797441364604,0.49447674418604654
2.0,0.5,2,1,5.0,0.0,-2.5,within_scan,-2.2,within_scan,10320,87,0.1941860465116279,0.2957364341085271,0.5100775193798449,910,10.459770114942529,6348.837209302326,20.0,833,77,0.19447779111644659,0.48992248062015503
2.0,0.5,2,2,5.0,5.0,-2.5,within_scan,-2.2,within_scan,10320,87,0.1938953488372093,0.3002906976744186,0.5058139534883721,700,8.045977011494253,4883.720930232558,35.0,623,77,0.27608346709470305,0.4941860465116279
2.0,0.5,2,3,5.0,10.0,-2.5,within_scan,-2.2,within_scan,10320,87,0.19563953488372093,0.2934108527131783,0.5109496124031008,545,6.264367816091954,3802.325581395349,50.0,475,70,0.32842105263157895,0.4890503875968992
2.0,0.5,3,1,5.0,0.0,-2.5,within_scan,-2.2,within_scan,10320,87,0.18430232558139534,0.3178294573643411,0.49786821705426354,897,10.310344827586206,6258.139534883721,20.0,819,78,0.199023199023199,0.5021317829457365
2.0,0.5,3,2,5.0,5.0,-2.5,within_scan,-2.2,within_scan,10320,87,0.18420542635658915,0.3199612403100775,0.49583333333333335,691,7.942528735632184,4820.930232558139,35.0,612,79,0.2761437908496732,0.5041666666666667
2.0,0.5,3,3,5.0,10.0,-2.5,within_scan,-2.2,within_scan,10320,87,0.187015503875969,0.31589147286821706,0.49709302325581395,553,6.35632183908046,3858.139534883721,55.0,486,67,0.3333333333333333,0.502906976744186
2.0,0.5,4,1,5.0,0.0,-2.5,within_scan,-2.2,within_scan,10320,87,0.18468992248062016,0.30348837209302326,0.5118217054263566,973,11.183908045977011,6788.372093023256,20.0,891,82,0.1739618406285073,0.4881782945736434
2.0,0.5,4,2,5.0,5.0,-2.5,within_scan,-2.2,within_scan,10320,87,0.18401162790697675,0.3003875968992248,0.5156007751937984,725,8.333333333333334,5058.139534883721,35.0,643,82,0.2410575427682737,0.48439922480620157
2.0,0.5,4,3,5.0,10.0,-2.5,within_scan,-2.2,within_scan,10320,87,0.18934108527131782,0.2925387596899225,0.5181201550387597,532,6.114942528735632,3711.6279069767443,55.0,458,74,0.3406113537117904,0.4818798449612403
2.0,0.5,5,1,5.0,0.0,-2.6,within_scan,-2.2,within_scan,10320,87,0.1877906976744186,0.2986434108527132,0.5135658914728682,924,10.620689655172415,6446.511627906977,20.0,842,82,0.17933491686460806,0.48643410852713176
2.0,0.5,5,2,5.0,5.0,-2.6,within_scan,-2.2,within_scan,10320,87,0.18633720930232558,0.3000968992248062,0.5135658914728682,697,8.011494252873563,4862.790697674419,30.0,616,81,0.26785714285714285,0.48643410852713176
2.0,0.5,5,3,5.0,10.0,-2.6,within_scan,-2.2,within_scan,10320,87,0.19079457364341085,0.2943798449612403,0.5148255813953488,547,6.287356321839081,3816.279069767442,50.0,469,78,0.34328358208955223,0.48517441860465116
2.0,0.5,6,1,5.0,0.0,-2.5,within_scan,-2.2,within_scan,10320,87,0.18507751937984496,0.30222868217054266,0.5126937984496124,887,10.195402298850574,6188.372093023256,20.0,810,77,0.1925925925925926,0.4873062015503876
2.0,0.5,6,2,5.0,5.0,-2.5,within_scan,-2.2,within_scan,10320,87,0.18459302325581395,0.30397286821705427,0.5114341085271318,693,7.9655172413793105,4834.883720930233,35.0,615,78,0.25853658536585367,0.4885658914728682
2.0,0.5,6,3,5.0,10.0,-2.5,within_scan,-2.2,within_scan,10320,87,0.1875968992248062,0.2987403100775194,0.5136627906976744,561,6.448275862068965,3913.9534883720926,50.0,489,72,0.3047034764826176,0.4863372093023256
2.0,0.5,7,1,5.0,0.0,-2.6,within_scan,-2.2,within_scan,10320,87,0.18536821705426357,0.29670542635658914,0.5179263565891473,989,11.367816091954023,6899.999999999999,20.0,911,78,0.16245883644346873,0.4820736434108527
2.0,0.5,7,2,5.0,5.0,-2.6,within_scan,-2.2,within_scan,10320,87,0.18556201550387597,0.2956395348837209,0.5187984496124031,768,8.827586206896552,5358.139534883721,30.0,690,78,0.22753623188405797,0.4812015503875969
2.0,0.5,7,3,5.0,10.0,-2.6,within_scan,-2.2,within_scan,10320,87,0.19031007751937984,0.288468992248062,0.5212209302325581,611,7.022988505747127,4262.790697674418,45.0,539,72,0.25788497217068646,0.47877906976744183
2.0,0.5,8,1,5.0,0.0,-2.5,within_scan,-2.2,within_scan,10320,87,0.18459302325581395,0.2873062015503876,0.5281007751937985,952,10.942528735632184,6641.86046511628,20.0,873,79,0.16953035509736541,0.47189922480620156
2.0,0.5,8,2,5.0,5.0,-2.5,within_scan,-2.2,within_scan,10320,87,0.18459302325581395,0.2859496124031008,0.5294573643410853,739,8.494252873563218,5155.813953488372,30.0,661,78,0.22844175491679275,0.47054263565891474
2.0,0.5,8,3,5.0,10.0,-2.5,within_scan,-2.2,within_scan,10320,87,0.1871124031007752,0.27548449612403103,0.5374031007751938,552,6.344827586206897,3851.1627906976746,52.5,481,71,0.2972972972972973,0.46259689922480624
2.0,0.5,9,1,5.0,0.0,-2.6,within_scan,-2.2,within_scan,10320,87,0.1992248062015504,0.30697674418604654,0.4937984496124031,892,10.25287356321839,6223.2558139534885,25.0,811,81,0.19112207151664612,0.506201550387597
2.0,0.5,9,2,5.0,5.0,-2.6,within_scan,-2.2,within_scan,10320,87,0.19883720930232557,0.3080426356589147,0.49312015503875967,725,8.333333333333334,5058.139534883721,35.0,647,78,0.25193199381761977,0.5068798449612403
2.0,0.5,9,3,5.0,10.0,-2.6,within_scan,-2.2,within_scan,10320,87,0.19883720930232557,0.3072674418604651,0.4938953488372093,576,6.620689655172414,4018.6046511627906,45.0,504,72,0.32142857142857145,0.5061046511627907
2.0,0.5,10,1,5.0,0.0,-2.5,within_scan,-2.2,within_scan,10320,87,0.18003875968992247,0.2993217054263566,0.520639534883721,986,11.333333333333334,6879.069767441861,20.0,905,81,0.16243093922651933,0.47936046511627906
2.0,0.5,10,2,5.0,5.0,-2.5,within_scan,-2.2,within_scan,10320,87,0.17858527131782945,0.2992248062015504,0.5221899224806201,737,8.471264367816092,5141.860465116279,30.0,658,79,0.23556231003039513,0.47781007751937987
2.0,0.5,10,3,5.0,10.0,-2.5,within_scan,-2.2,within_scan,10320,87,0.1812984496124031,0.29176356589147284,0.5269379844961241,567,6.517241379310345,3955.813953488372,50.0,495,72,0.29292929292929293,0.47306201550387594
2.0,0.5,11,1,5.0,0.0,-2.5,within_scan,-2.2,within_scan,10320,87,0.18023255813953487,0.30474806201550386,0.5150193798449613,921,10.586206896551724,6425.581395348837,20.0,844,77,0.19075829383886256,0.48498062015503873
2.0,0.5,11,2,5.0,5.0,-2.5,within_scan,-2.2,within_scan,10320,87,0.17974806201550386,0.3065891472868217,0.5136627906976744,733,8.425287356321839,5113.953488372093,30.0,655,78,0.2564885496183206,0.48633720930232555
2.0,0.5,11,3,5.0,10.0,-2.5,within_scan,-2.2,within_scan,10320,87,0.18381782945736433,0.2983527131782946,0.517829457364341,546,6.275862068965517,3809.3023255813955,50.0,479,67,0.33611691022964507,0.48217054263565895
2.0,0.5,12,1,5.0,0.0,-2.5,within_scan,-2.2,within_scan,10320,87,0.18488372093023256,0.3,0.5151162790697674,871,10.011494252873563,6076.744186046512,20.0,792,79,0.19696969696969696,0.4848837209302326
2.0,0.5,12,2,5.0,5.0,-2.5,within_scan,-2.2,within_scan,10320,87,0.18430232558139534,0.299515503875969,0.5161821705426357,692,7.954022988505747,4827.906976744186,35.0,614,78,0.255700325732899,0.4838178294573643
2.0,0.5,12,3,5.0,10.0,-2.5,within_scan,-2.2,within_scan,10320,87,0.18808139534883722,0.29457364341085274,0.51734496124031,557,6.402298850574713,3886.046511627907,50.0,485,72,0.3134020618556701,0.48265503875968996
2.0,0.5,13,1,5.0,0.0,-2.5,within_scan,-2.2,within_scan,10320,87,0.18013565891472869,0.2937015503875969,0.5261627906976745,951,10.931034482758621,6634.883720930233,20.0,872,79,0.16628440366972477,0.47383720930232553
2.0,0.5,13,2,5.0,5.0,-2.5,within_scan,-2.2,within_scan,10320,87,0.17984496124031008,0.2938953488372093,0.5262596899224806,761,8.74712643678161,5309.302325581395,30.0,683,78,0.2225475841874085,0.4737403100775194
2.0,0.5,13,3,5.0,10.0,-2.5,within_scan,-2.2,within_scan,10320,87,0.18372093023255814,0.28352713178294575,0.5327519379844962,587,6.747126436781609,4095.348837209302,45.0,515,72,0.26601941747572816,0.4672480620155039
2.0,0.5,14,1,5.0,0.0,-2.6,within_scan,-2.2,within_scan,10320,87,0.18875968992248063,0.31676356589147286,0.49447674418604654,975,11.206896551724139,6802.325581395348,20.0,896,79,0.17522321428571427,0.5055232558139535
2.0,0.5,14,2,5.0,5.0,-2.6,within_scan,-2.2,within_scan,10320,87,0.1875968992248062,0.32083333333333336,0.4915697674418605,715,8.218390804597702,4988.372093023256,35.0,636,79,0.26257861635220126,0.5084302325581396
2.0,0.5,14,3,5.0,10.0,-2.6,within_scan,-2.2,within_scan,10320,87,0.19079457364341085,0.3142441860465116,0.49496124031007754,566,6.505747126436781,3948.837209302326,50.0,498,68,0.3293172690763052,0.5050387596899224
2.0,0.5,15,1,5.0,0.0,-2.6,within_scan,-2.2,within_scan,10320,87,0.1923449612403101,0.2991279069767442,0.5085271317829457,950,10.919540229885058,6627.906976744187,20.0,872,78,0.17087155963302753,0.49147286821705427
2.0,0.5,15,2,5.0,5.0,-2.6,within_scan,-2.2,within_scan,10320,87,0.19127906976744186,0.30077519379844964,0.5079457364341086,700,8.045977011494253,4883.720930232558,35.0,622,78,0.2540192926045016,0.4920542635658915
2.0,0.5,15,3,5.0,10.0,-2.5,within_scan,-2.2,within_scan,10320,87,0.1933139534883721,0.29757751937984495,0.5091085271317829,563,6.471264367816092,3927.906976744186,50.0,492,71,0.3130081300813008,0.49089147286821705
2.0,0.5,16,1,5.0,0.0,-2.6,within_scan,-2.2,within_scan,10320,87,0.19515503875968992,0.2809108527131783,0.5239341085271317,976,11.218390804597702,6809.302325581395,20.0,896,80,0.16964285714285715,0.4760658914728682
2.0,0.5,16,2,5.0,5.0,-2.6,within_scan,-2.2,within_scan,10320,87,0.1940891472868217,0.27906976744186046,0.5268410852713178,744,8.551724137931034,5190.697674418604,30.0,662,82,0.229607250755287,0.47315891472868216
2.0,0.5,16,3,5.0,10.0,-2.5,within_scan,-2.2,within_scan,10320,87,0.199515503875969,0.26715116279069767,0.5333333333333333,573,6.586206896551724,3997.6744186046512,40.0,498,75,0.2751004016064257,0.4666666666666667
2.0,0.5,17,1,5.0,0.0,-2.6,within_scan,-2.2,within_scan,10320,87,0.1861434108527132,0.301453488372093,0.5124031007751938,962,11.057471264367816,6711.627906976743,20.0,883,79,0.16534541336353342,0.4875968992248062
2.0,0.5,17,2,5.0,5.0,-2.6,within_scan,-2.2,within_scan,10320,87,0.18565891472868218,0.30164728682170544,0.5126937984496124,701,8.057471264367816,4890.697674418604,35.0,623,78,0.24558587479935795,0.4873062015503876
2.0,0.5,17,3,5.0,10.0,-2.6,within_scan,-2.2,within_scan,10320,87,0.18808139534883722,0.2973837209302326,0.5145348837209303,574,6.597701149425287,4004.6511627906975,50.0,503,71,0.30019880715705766,0.4854651162790698
2.0,0.5,18,1,5.0,0.0,-2.5,within_scan,-2.2,within_scan,10320,87,0.18488372093023256,0.30794573643410855,0.5071705426356589,924,10.620689655172415,6446.511627906977,20.0,845,79,0.1881656804733728,0.49282945736434114
2.0,0.5,18,2,5.0,5.0,-2.5,within_scan,-2.2,within_scan,10320,87,0.18468992248062016,0.30949612403100774,0.5058139534883721,709,8.149425287356323,4946.511627906977,30.0,630,79,0.26031746031746034,0.4941860465116279
2.0,0.5,18,3,5.0,10.0,-2.5,within_scan,-2.2,within_scan,10320,87,0.18827519379844962,0.30290697674418604,0.5088178294573643,554,6.367816091954023,3865.116279069767,50.0,480,74,0.33541666666666664,0.4911821705426357
2.0,0.5,19,1,5.0,0.0,-2.5,within_scan,-2.2,within_scan,10320,87,0.18953488372093022,0.2700581395348837,0.540406976744186,980,11.264367816091953,6837.209302325581,20.0,903,77,0.1583610188261351,0.45959302325581397
2.0,0.5,19,2,5.0,5.0,-2.5,within_scan,-2.2,within_scan,10320,87,0.18905038759689924,0.2703488372093023,0.5406007751937985,734,8.436781609195402,5120.930232558139,30.0,657,77,0.2161339421613394,0.45939922480620154
2.0,0.5,19,3,5.0,10.0,-2.5,within_scan,-2.2,within_scan,10320,87,0.1937984496124031,0.26027131782945734,0.5459302325581395,580,6.666666666666667,4046.5116279069766,45.0,509,71,0.24950884086444008,0.45406976744186045
2.0,1.0,0,1,5.0,0.0,-3.2,within_scan,-2.7,within_scan,10320,87,0.15775193798449613,0.20048449612403102,0.6417635658914729,991,11.39080459770115,6913.9534883720935,20.0,912,79,0.13157894736842105,0.3582364341085271
2.0,1.0,0,2,5.0,5.0,-3.1,within_scan,-2.7,within_scan,10320,87,0.15746124031007752,0.199515503875969,0.6430232558139535,737,8.471264367816092,5141.860465116279,25.0,660,77,0.18787878787878787,0.3569767441860465
2.0,1.0,0,3,5.0,10.0,-3.1,within_scan,-2.7,within_scan,10320,87,0.16346899224806202,0.18343023255813953,0.6531007751937985,561,6.448275862068965,3913.9534883720926,40.0,485,76,0.2329896907216495,0.34689922480620156
2.0,1.0,1,1,5.0,0.0,-3.2,within_scan,-2.7,within_scan,10320,87,0.1498062015503876,0.2127906976744186,0.6374031007751938,1079,12.402298850574713,7527.906976744186,20.0,1002,77,0.10978043912175649,0.3625968992248062
2.0,1.0,1,2,5.0,5.0,-3.1,within_scan,-2.6,within_scan,10320,87,0.1494186046511628,0.21036821705426356,0.6402131782945737,749,8.60919540229885,5225.581395348838,30.0,671,78,0.16989567809239942,0.35978682170542636
2.0,1.0,1,3,5.0,10.0,-3.1,within_scan,-2.7,within_scan,10320,87,0.15319767441860466,0.1992248062015504,0.647577519379845,558,6.413793103448276,3893.0232558139533,45.0,487,71,0.23203285420944558,0.352422480620155
2.0,1.0,2,1,5.0,0.0,-3.1,within_scan,-2.6,within_scan,10320,87,0.14874031007751937,0.20600775193798448,0.6452519379844961,998,11.471264367816092,6962.790697674419,20.0,922,76,0.1279826464208243,0.35474806201550385
2.0,1.0,2,2,5.0,5.0,-3.1,within_scan,-2.6,within_scan,10320,87,0.14903100775193798,0.20426356589147288,0.6467054263565891,785,9.022988505747126,5476.7441860465115,25.0,710,75,0.16901408450704225,0.3532945736434109
2.0,1.0,2,3,5.0,10.0,-3.1,within_scan,-2.6,within_scan,10320,87,0.15658914728682172,0.18846899224806202,0.6549418604651163,563,6.471264367816092,3927.906976744186,40.0,493,70,0.23529411764705882,0.34505813953488373
2.0,1.0,3,1,5.0,0.0,-3.2,within_scan,-2.7,within_scan,10320,87,0.14486434108527133,0.23527131782945737,0.6198643410852713,1087,12.494252873563218,7583.720930232558,20.0,1009,78,0.12091179385530228,0.38013565891472867
2.0,1.0,3,2,5.0,5.0,-3.2,within_scan,-2.7,within_scan,10320,87,0.14437984496124032,0.23391472868217053,0.6217054263565891,777,8.931034482758621,5420.930232558139,30.0,702,75,0.17806267806267806,0.37829457364341085
2.0,1.0,3,3,5.0,10.0,-3.2,within_scan,-2.7,within_scan,10320,87,0.1493217054263566,0.22015503875968992,0.6305232558139535,572,6.574712643678161,3990.697674418605,45.0,502,70,0.23306772908366533,0.3694767441860465
2.0,1.0,4,1,5.0,0.0,-3.1,within_scan,-2.7,within_scan,10320,87,0.14738372093023255,0.2193798449612403,0.6332364341085271,1054,12.114942528735632,7353.488372093023,20.0,976,78,0.1168032786885246,0.36676356589147285
2.0,1.0,4,2,5.0,5.0,-3.1,within_scan,-2.7,within_scan,10320,87,0.14825581395348839,0.21676356589147286,0.6349806201550388,753,8.655172413793103,5253.488372093023,30.0,674,79,0.16913946587537093,0.36501937984496124
2.0,1.0,4,3,5.0,10.0,-3.1,within_scan,-2.7,within_scan,10320,87,0.15339147286821705,0.20193798449612402,0.6446705426356589,560,6.436781609195402,3906.9767441860463,45.0,488,72,0.2336065573770492,0.3553294573643411
2.0,1.0,5,1,5.0,0.0,-3.2,within_scan,-2.7,within_scan,10320,87,0.15416666666666667,0.20358527131782947,0.6422480620155039,1049,12.057471264367816,7318.60465116279,20.0,971,78,0.11740473738414006,0.3577519379844961
2.0,1.0,5,2,5.0,5.0,-3.2,within_scan,-2.7,within_scan,10320,87,0.15455426356589147,0.20232558139534884,0.6431201550387597,765,8.793103448275861,5337.209302325582,25.0,688,77,0.17587209302325582,0.3568798449612403
2.0,1.0,5,3,5.0,10.0,-3.2,within_scan,-2.7,within_scan,10320,87,0.15910852713178295,0.19195736434108526,0.6489341085271317,573,6.586206896551724,3997.6744186046512,40.0,501,72,0.23552894211576847,0.3510658914728682
2.0,1.0,6,1,5.0,0.0,-3.2,within_scan,-2.7,within_scan,10320,87,0.15436046511627907,0.22819767441860464,0.6174418604651163,1080,12.413793103448276,7534.883720930233,20.0,1003,77,0.11764705882352941,0.3825581395348837
2.0,1.0,6,2,5.0,5.0,-3.2,within_scan,-2.7,within_scan,10320,87,0.15339147286821705,0.22713178294573644,0.6194767441860465,762,8.758620689655173,5316.279069767442,30.0,684,78,0.1783625730994152,0.3805232558139535
2.0,1.0,6,3,5.0,10.0,-3.2,within_scan,-2.7,within_scan,10320,87,0.1571705426356589,0.2183139534883721,0.624515503875969,581,6.67816091954023,4053.488372093023,40.0,509,72,0.24165029469548133,0.375484496124031
2.0,1.0,7,1,5.0,0.0,-3.2,within_scan,-2.7,within_scan,10320,87,0.15484496124031008,0.21414728682170542,0.6310077519379845,1049,12.057471264367816,7318.60465116279,20.0,972,77,0.12139917695473251,0.36899224806201547
2.0,1.0,7,2,5.0,5.0,-3.2,within_scan,-2.7,within_scan,10320,87,0.15368217054263567,0.2119186046511628,0.6343992248062016,747,8.586206896551724,5211.627906976744,30.0,671,76,0.18777943368107303,0.36560077519379847
2.0,1.0,7,3,5.0,10.0,-3.2,within_scan,-2.7,within_scan,10320,87,0.16007751937984496,0.199031007751938,0.640891472868217,578,6.64367816091954,4032.5581395348836,40.0,509,69,0.2337917485265226,0.359108527131783
2.0,1.0,8,1,5.0,0.0,-3.1,within_scan,-2.7,within_scan,10320,87,0.14903100775193798,0.20474806201550388,0.6462209302325581,1063,12.218390804597702,7416.279069767443,20.0,986,77,0.11561866125760649,0.3537790697674419
2.0,1.0,8,2,5.0,5.0,-3.1,within_scan,-2.7,within_scan,10320,87,0.14922480620155038,0.19932170542635658,0.651453488372093,744,8.551724137931034,5190.697674418604,30.0,668,76,0.1721556886227545,0.34854651162790695
2.0,1.0,8,3,5.0,10.0,-3.1,within_scan,-2.7,within_scan,10320,87,0.15571705426356588,0.18536821705426357,0.6589147286821705,595,6.839080459770115,4151.162790697675,40.0,522,73,0.20881226053639848,0.34108527131782945
2.0,1.0,9,1,5.0,0.0,-3.2,within_scan,-2.7,within_scan,10320,87,0.15591085271317828,0.2183139534883721,0.6257751937984496,1088,12.505747126436782,7590.697674418604,20.0,1013,75,0.11648568608094768,0.3742248062015504
2.0,1.0,9,2,5.0,5.0,-3.2,within_scan,-2.7,within_scan,10320,87,0.1558139534883721,0.21501937984496125,0.6291666666666667,759,8.724137931034482,5295.3488372093025,30.0,683,76,0.17423133235724744,0.37083333333333335
2.0,1.0,9,3,5.0,10.0,-3.2,within_scan,-2.7,within_scan,10320,87,0.16124031007751938,0.21085271317829457,0.627906976744186,575,6.609195402298851,4011.6279069767443,45.0,506,69,0.23715415019762845,0.37209302325581395
2.0,1.0,10,1,5.0,0.0,-3.1,within_scan,-2.7,within_scan,10320,87,0.14903100775193798,0.22093023255813954,0.6300387596899225,1052,12.091954022988507,7339.53488372093,20.0,972,80,0.11934156378600823,0.3699612403100775
2.0,1.0,10,2,5.0,5.0,-3.1,within_scan,-2.6,within_scan,10320,87,0.1498062015503876,0.21734496124031008,0.6328488372093023,755,8.67816091954023,5267.441860465116,30.0,678,77,0.18289085545722714,0.3671511627906977
2.0,1.0,10,3,5.0,10.0,-3.1,within_scan,-2.7,within_scan,10320,87,0.15358527131782945,0.20368217054263565,0.6427325581395349,550,6.32183908045977,3837.209302325581,40.0,477,73,0.23270440251572327,0.3572674418604651
2.0,1.0,11,1,5.0,0.0,-3.1,within_scan,-2.6,within_scan,10320,87,0.14864341085271318,0.19912790697674418,0.6522286821705426,1105,12.701149425287356,7709.302325581396,15.0,1028,77,0.11186770428015565,0.34777131782945736
2.0,1.0,11,2,5.0,5.0,-3.1,within_scan,-2.6,within_scan,10320,87,0.14874031007751937,0.1936046511627907,0.6576550387596899,723,8.310344827586206,5044.186046511628,30.0,646,77,0.18885448916408668,0.34234496124031005
2.0,1.0,11,3,5.0,10.0,-3.1,within_scan,-2.6,within_scan,10320,87,0.1553294573643411,0.18187984496124032,0.6627906976744186,551,6.333333333333333,3844.186046511628,40.0,480,71,0.23958333333333334,0.33720930232558144
2.0,1.0,12,1,5.0,0.0,-3.1,within_scan,-2.7,within_scan,10320,87,0.15978682170542635,0.21531007751937983,0.6249031007751938,1005,11.551724137931034,7011.627906976744,20.0,926,79,0.12742980561555076,0.37509689922480616
2.0,1.0,12,2,5.0,5.0,-3.1,within_scan,-2.7,within_scan,10320,87,0.15891472868217055,0.21337209302325583,0.6277131782945736,722,8.298850574712644,5037.209302325582,30.0,644,78,0.18633540372670807,0.3722868217054264
2.0,1.0,12,3,5.0,10.0,-3.1,within_scan,-2.7,within_scan,10320,87,0.16472868217054262,0.20513565891472868,0.6301356589147287,561,6.448275862068965,3913.9534883720926,45.0,491,70,0.2505091649694501,0.36986434108527133
2.0,1.0,13,1,5.0,0.0,-3.1,within_scan,-2.7,within_scan,10320,87,0.14573643410852713,0.21511627906976744,0.6391472868217054,1075,12.35632183908046,7500.0,20.0,996,79,0.11546184738955824,0.3608527131782946
2.0,1.0,13,2,5.0,5.0,-3.1,within_scan,-2.7,within_scan,10320,87,0.14534883720930233,0.21017441860465116,0.6444767441860465,763,8.770114942528735,5323.2558139534885,25.0,684,79,0.18128654970760233,0.3555232558139535
2.0,1.0,13,3,5.0,10.0,-3.1,within_scan,-2.7,within_scan,10320,87,0.15058139534883722,0.19525193798449614,0.6541666666666667,571,6.563218390804598,3983.7209302325577,40.0,497,74,0.23340040241448692,0.3458333333333333
2.0,1.0,14,1,5.0,0.0,-3.2,within_scan,-2.7,within_scan,10320,87,0.1562984496124031,0.20813953488372092,0.6355620155038759,1112,12.781609195402298,7758.139534883721,15.0,1031,81,0.10863239573229874,0.364437984496124
2.0,1.0,14,2,5.0,5.0,-3.2,within_scan,-2.7,within_scan,10320,87,0.1563953488372093,0.20717054263565893,0.6364341085271318,801,9.206896551724139,5588.372093023256,25.0,723,78,0.16182572614107885,0.3635658914728682
2.0,1.0,14,3,5.0,10.0,-3.2,within_scan,-2.7,within_scan,10320,87,0.1573643410852713,0.19554263565891472,0.647093023255814,566,6.505747126436781,3948.837209302326,40.0,496,70,0.21774193548387097,0.35290697674418603
2.0,1.0,15,1,5.0,0.0,-3.2,within_scan,-2.7,within_scan,10320,87,0.15503875968992248,0.21124031007751937,0.6337209302325582,1067,12.264367816091953,7444.186046511628,20.0,989,78,0.1122345803842265,0.36627906976744184
2.0,1.0,15,2,5.0,5.0,-3.2,within_scan,-2.7,within_scan,10320,87,0.15571705426356588,0.21046511627906977,0.6338178294573643,732,8.413793103448276,5106.976744186047,30.0,656,76,0.19359756097560976,0.3661821705426357
2.0,1.0,15,3,5.0,10.0,-3.2,within_scan,-2.7,within_scan,10320,87,0.16114341085271316,0.1932170542635659,0.645639534883721,565,6.494252873563219,3941.860465116279,40.0,495,70,0.23636363636363636,0.35436046511627906
2.0,1.0,16,1,5.0,0.0,-3.2,within_scan,-2.7,within_scan,10320,87,0.14021317829457364,0.2189922480620155,0.6407945736434109,1004,11.540229885057471,7004.651162790698,20.0,925,79,0.12972972972972974,0.35920542635658914
2.0,1.0,16,2,5.0,5.0,-3.2,within_scan,-2.7,within_scan,10320,87,0.13982558139534884,0.21753875968992248,0.6426356589147287,727,8.35632183908046,5072.093023255814,30.0,650,77,0.19384615384615383,0.3573643410852713
2.0,1.0,16,3,5.0,10.0,-3.2,within_scan,-2.7,within_scan,10320,87,0.14777131782945738,0.20319767441860465,0.649031007751938,580,6.666666666666667,4046.5116279069766,40.0,511,69,0.23679060665362034,0.350968992248062
2.0,1.0,17,1,5.0,0.0,-3.2,within_scan,-2.7,within_scan,10320,87,0.15678294573643412,0.19980620155038759,0.6434108527131783,1022,11.74712643678161,7130.232558139534,20.0,943,79,0.11664899257688228,0.3565891472868217
2.0,1.0,17,2,5.0,5.0,-3.1,within_scan,-2.7,within_scan,10320,87,0.1566860465116279,0.19563953488372093,0.6476744186046511,794,9.126436781609195,5539.53488372093,25.0,716,78,0.15921787709497207,0.35232558139534886
2.0,1.0,17,3,5.0,10.0,-3.1,within_scan,-2.7,within_scan,10320,87,0.16094961240310077,0.1817829457364341,0.6572674418604652,572,6.574712643678161,3990.697674418605,40.0,498,74,0.20883534136546184,0.34273255813953485
2.0,1.0,18,1,5.0,0.0,-3.2,within_scan,-2.7,within_scan,10320,87,0.15910852713178295,0.20862403100775193,0.6322674418604651,1115,12.816091954022989,7779.06976744186,15.0,1035,80,0.11207729468599034,0.36773255813953487
2.0,1.0,18,2,5.0,5.0,-3.2,within_scan,-2.7,within_scan,10320,87,0.15823643410852714,0.2062015503875969,0.6355620155038759,758,8.71264367816092,5288.372093023256,27.5,679,79,0.1796759941089838,0.3644379844961241
2.0,1.0,18,3,5.0,10.0,-3.2,within_scan,-2.7,within_scan,10320,87,0.16279069767441862,0.1923449612403101,0.6448643410852714,567,6.517241379310345,3955.813953488372,40.0,494,73,0.2408906882591093,0.3551356589147287
2.0,1.0,19,1,5.0,0.0,-3.2,within_scan,-2.7,within_scan,10320,87,0.14467054263565893,0.2072674418604651,0.648062015503876,1011,11.620689655172415,7053.488372093024,20.0,933,78,0.12433011789924973,0.351937984496124
2.0,1.0,19,2,5.0,5.0,-3.1,within_scan,-2.7,within_scan,10320,87,0.1440891472868217,0.20513565891472868,0.6507751937984496,726,8.344827586206897,5065.116279069767,30.0,649,77,0.1926040061633282,0.3492248062015504
2.0,1.0,19,3,5.0,10.0,-3.1,within_scan,-2.7,within_scan,10320,87,0.15125968992248062,0.19108527131782946,0.6576550387596899,536,6.160919540229885,3739.5348837209303,45.0,466,70,0.24892703862660945,0.3423449612403101
5.0,0.0,0,1,5.0,0.0,-2.4,within_scan,-2.1,within_scan,10308,87,0.1582266201008925,0.3762126503686457,0.4655607295304618,943,10.839080459770114,6586.728754365541,25.0,864,79,0.17939814814814814,0.5344392704695382
5.0,0.0,0,2,5.0,5.0,-2.4,within_scan,-2.1,within_scan,10308,87,0.1648234381063252,0.37407838571982927,0.4610981761738456,700,8.045977011494253,4889.406286379511,47.5,622,78,0.2491961414790997,0.5389018238261545
5.0,0.0,0,3,5.0,10.0,-2.4,within_scan,-2.1,within_scan,10308,87,0.16443538998835855,0.3787349631354288,0.45682964687621264,612,7.0344827586206895,4274.738067520373,55.0,546,66,0.2802197802197802,0.5431703531237874
5.0,0.5,0,1,5.0,0.0,-2.8,within_scan,-2.4,within_scan,10308,87,0.1658905704307334,0.2704695382227396,0.5636398913465269,1110,12.758620689655173,7753.201396973224,20.0,1030,80,0.12135922330097088,0.436360108653473
5.0,0.5,0,2,5.0,5.0,-2.8,within_scan,-2.4,within_scan,10308,87,0.17093519596429957,0.26348467209934034,0.5655801319363601,825,9.482758620689655,5762.514551804425,30.0,748,77,0.1697860962566845,0.4344198680636399
5.0,0.5,0,3,5.0,10.0,-2.8,within_scan,-2.4,within_scan,10308,87,0.17685292976329064,0.2544625533566162,0.5686845168800931,600,6.896551724137931,4190.919674039581,45.0,532,68,0.231203007518797,0.43131548311990686
5.0,0.5,1,1,5.0,0.0,-2.8,within_scan,-2.3,within_scan,10308,87,0.1656965463717501,0.2941404734187039,0.540162980209546,1167,13.413793103448276,8151.338766006984,25.0,1085,82,0.10875576036866359,0.459837019790454
5.0,0.5,1,2,5.0,5.0,-2.8,within_scan,-2.3,within_scan,10308,87,0.16734575087310827,0.2924912689173457,0.540162980209546,880,10.114942528735632,6146.682188591385,30.0,800,80,0.15875,0.459837019790454
5.0,0.5,1,3,5.0,10.0,-2.8,within_scan,-2.3,within_scan,10308,87,0.17122623205277454,0.2817229336437718,0.5470508343034536,651,7.482758620689655,4547.147846332945,40.0,588,63,0.21428571428571427,0.45294916569654636
5.0,0.5,2,1,5.0,0.0,-2.8,within_scan,-2.3,within_scan,10308,87,0.16715172681412496,0.2960807140085371,0.536767559177338,1213,13.942528735632184,8472.642607683352,20.0,1135,78,0.11013215859030837,0.463232440822662
5.0,0.5,2,2,5.0,5.0,-2.8,within_scan,-2.3,within_scan,10308,87,0.17006208769887465,0.2919091967403958,0.5380287155607295,855,9.827586206896552,5972.060535506403,30.0,777,78,0.18146718146718147,0.46197128443927044
5.0,0.5,2,3,5.0,10.0,-2.8,within_scan,-2.3,within_scan,10308,87,0.17520372526193248,0.28075281334885527,0.5440434613892122,610,7.011494252873563,4260.768335273574,45.0,545,65,0.26238532110091745,0.4559565386107878
5.0,0.5,3,1,5.0,0.0,-2.8,within_scan,-2.3,within_scan,10308,87,0.16259216142801708,0.28055878928987193,0.556849049282111,1214,13.954022988505747,8479.627473806751,20.0,1133,81,0.09885260370697264,0.443150950717889
5.0,0.5,3,2,5.0,5.0,-2.8,within_scan,-2.3,within_scan,10308,87,0.16492045013581685,0.2755141637563058,0.5595653861078774,884,10.160919540229886,6174.621653084982,30.0,802,82,0.14713216957605985,0.44043461389212263
5.0,0.5,3,3,5.0,10.0,-2.8,within_scan,-2.3,within_scan,10308,87,0.1715172681412495,0.266686069072565,0.5617966627861855,678,7.793103448275862,4735.7392316647265,40.0,605,73,0.1933884297520661,0.4382033372138145
5.0,0.5,4,1,5.0,0.0,-2.8,within_scan,-2.3,within_scan,10308,87,0.156674427629026,0.26610399689561504,0.5772215754753589,1231,14.149425287356323,8598.37019790454,20.0,1153,78,0.09540329575021683,0.42277842452464104
5.0,0.5,4,2,5.0,5.0,-2.8,within_scan,-2.3,within_scan,10308,87,0.16268917345750872,0.25620876988746605,0.5811020566550252,890,10.229885057471265,6216.530849825379,30.0,814,76,0.14987714987714987,0.41889794334497477
5.0,0.5,4,3,5.0,10.0,-2.7,within_scan,-2.3,within_scan,10308,87,0.16802483507954988,0.2445673263484672,0.587407838571983,645,7.413793103448276,4505.238649592549,40.0,576,69,0.2048611111111111,0.4125921614280171
5.0,0.5,5,1,5.0,0.0,-2.8,within_scan,-2.3,within_scan,10308,87,0.15551028327512612,0.2919091967403958,0.5525805199844781,1160,13.333333333333334,8102.44470314319,20.0,1078,82,0.11688311688311688,0.4474194800155219
5.0,0.5,5,2,5.0,5.0,-2.8,within_scan,-2.3,within_scan,10308,87,0.15861466821885914,0.28637951105937137,0.5550058207217695,880,10.114942528735632,6146.682188591385,30.0,802,78,0.16084788029925187,0.4449941792782305
5.0,0.5,5,3,5.0,10.0,-2.8,within_scan,-2.3,within_scan,10308,87,0.1614280170741172,0.2816259216142802,0.5569460613116026,645,7.413793103448276,4505.238649592549,45.0,570,75,0.22456140350877193,0.4430539386883974
5.0,0.5,6,1,5.0,0.0,-2.8,within_scan,-2.4,within_scan,10308,87,0.1724873884361661,0.276872332169189,0.5506402793946449,1168,13.425287356321839,8158.323632130385,20.0,1088,80,0.11856617647058823,0.4493597206053551
5.0,0.5,6,2,5.0,5.0,-2.8,within_scan,-2.3,within_scan,10308,87,0.1738455568490493,0.2743500194024059,0.5518044237485448,859,9.873563218390805,6000.0,25.0,782,77,0.17519181585677748,0.4481955762514552
5.0,0.5,6,3,5.0,10.0,-2.8,within_scan,-2.3,within_scan,10308,87,0.17539774932091579,0.2680442374854482,0.556558013193636,598,6.873563218390805,4176.949941792783,45.0,533,65,0.26454033771106944,0.443441986806364
5.0,0.5,7,1,5.0,0.0,-2.8,within_scan,-2.4,within_scan,10308,87,0.15832363213038417,0.29161816065192087,0.5500582072176949,1155,13.275862068965518,8067.520372526193,25.0,1076,79,0.11245353159851301,0.44994179278230506
5.0,0.5,7,2,5.0,5.0,-2.8,within_scan,-2.3,within_scan,10308,87,0.16103996895615055,0.28938688397361273,0.5495731470702367,858,9.862068965517242,5993.015133876601,30.0,780,78,0.1717948717948718,0.45042685292976326
5.0,0.5,7,3,5.0,10.0,-2.8,within_scan,-2.3,within_scan,10308,87,0.16462941404734188,0.28036476523088866,0.5550058207217695,631,7.252873563218391,4407.450523864959,45.0,563,68,0.23978685612788633,0.44499417927823054
5.0,0.5,8,1,5.0,0.0,-2.8,within_scan,-2.3,within_scan,10308,87,0.16889794334497477,0.26251455180442373,0.5685875048506015,1035,11.89655172413793,7229.336437718277,25.0,954,81,0.1310272536687631,0.4314124951493985
5.0,0.5,8,2,5.0,5.0,-2.8,within_scan,-2.3,within_scan,10308,87,0.17112922002328287,0.2607683352735739,0.5681024447031432,831,9.551724137931034,5804.423748544819,30.0,754,77,0.17506631299734748,0.4318975552968568
5.0,0.5,8,3,5.0,10.0,-2.7,within_scan,-2.3,within_scan,10308,87,0.17656189367481567,0.25019402405898333,0.573244082266201,598,6.873563218390805,4176.949941792783,45.0,534,64,0.2340823970037453,0.426755917733799
5.0,0.5,9,1,5.0,0.0,-2.8,within_scan,-2.3,within_scan,10308,87,0.15512223515715948,0.2909390764454792,0.5539386883973613,1075,12.35632183908046,7508.73108265425,25.0,996,79,0.12951807228915663,0.44606131160263873
5.0,0.5,9,2,5.0,5.0,-2.8,within_scan,-2.3,within_scan,10308,87,0.15832363213038417,0.2857004268529298,0.555975941016686,874,10.045977011494253,6104.7729918509895,30.0,796,78,0.16959798994974876,0.444024058983314
5.0,0.5,9,3,5.0,10.0,-2.8,within_scan,-2.3,within_scan,10308,87,0.16074893286767558,0.2813348855258052,0.5579161816065192,643,7.390804597701149,4491.268917345751,45.0,573,70,0.2425828970331588,0.44208381839348077
5.0,0.5,10,1,5.0,0.0,-2.8,within_scan,-2.3,within_scan,10308,87,0.15745052386495925,0.276872332169189,0.5656771439658518,1135,13.045977011494253,7927.823050058208,20.0,1051,84,0.1170313986679353,0.4343228560341482
5.0,0.5,10,2,5.0,5.0,-2.7,within_scan,-2.3,within_scan,10308,87,0.16074893286767558,0.2724097788125728,0.5668412883197517,832,9.563218390804598,5811.408614668218,30.0,750,82,0.18133333333333335,0.43315871168024833
5.0,0.5,10,3,5.0,10.0,-2.7,within_scan,-2.3,within_scan,10308,87,0.16686069072565,0.25979821497865735,0.5733410942956927,616,7.080459770114943,4302.6775320139695,45.0,541,75,0.25508317929759705,0.4266589057043073
5.0,0.5,11,1,5.0,0.0,-2.8,within_scan,-2.3,within_scan,10308,87,0.15521924718665114,0.29831199068684516,0.5464687621265036,1089,12.517241379310345,7606.519208381839,20.0,1009,80,0.13478691774033696,0.4535312378734963
5.0,0.5,11,2,5.0,5.0,-2.7,within_scan,-2.3,within_scan,10308,87,0.15560729530461778,0.29656577415599533,0.5478269305393869,791,9.091954022988507,5525.029103608847,35.0,717,74,0.20920502092050208,0.4521730694606131
5.0,0.5,11,3,5.0,10.0,-2.7,within_scan,-2.3,within_scan,10308,87,0.15958478851377572,0.2892898719441211,0.5511253395421032,586,6.735632183908046,4093.131548311991,50.0,528,58,0.2897727272727273,0.4488746604578968
5.0,0.5,12,1,5.0,0.0,-2.8,within_scan,-2.3,within_scan,10308,87,0.15551028327512612,0.2872526193247963,0.5572370974000777,1139,13.091954022988507,7955.762514551805,20.0,1058,81,0.11247637051039698,0.4427629025999224
5.0,0.5,12,2,5.0,5.0,-2.8,within_scan,-2.3,within_scan,10308,87,0.15812960807140086,0.28181994567326346,0.5600504462553356,861,9.89655172413793,6013.969732246799,30.0,785,76,0.16305732484076432,0.4399495537446643
5.0,0.5,12,3,5.0,10.0,-2.7,within_scan,-2.3,within_scan,10308,87,0.1616220411331005,0.27376794722545594,0.5646100116414435,622,7.149425287356322,4344.586728754366,45.0,555,67,0.23423423423423423,0.43538998835855647
5.0,0.5,13,1,5.0,0.0,-2.8,within_scan,-2.3,within_scan,10308,87,0.14231664726426077,0.30461777260380285,0.5530655801319364,1134,13.03448275862069,7920.838183934808,20.0,1057,77,0.11447492904446546,0.4469344198680636
5.0,0.5,13,2,5.0,5.0,-2.8,within_scan,-2.3,within_scan,10308,87,0.14571206829646877,0.2991850989522701,0.5551028327512612,903,10.379310344827585,6307.334109429569,30.0,827,76,0.154776299879081,0.44489716724873885
5.0,0.5,13,3,5.0,10.0,-2.7,within_scan,-2.3,within_scan,10308,87,0.14988358556461,0.2903570042685293,0.5597594101668607,679,7.804597701149425,4742.724097788126,40.0,617,62,0.21231766612641814,0.4402405898331393
5.0,0.5,14,1,5.0,0.0,-2.8,within_scan,-2.3,within_scan,10308,87,0.1559953434225844,0.2559177337989911,0.5880869227784246,1100,12.64367816091954,7683.352735739232,20.0,1022,78,0.12035225048923678,0.41191307722157544
5.0,0.5,14,2,5.0,5.0,-2.8,within_scan,-2.3,within_scan,10308,87,0.15735351183546759,0.2523282887077998,0.5903181994567326,812,9.333333333333334,5671.7112922002325,30.0,736,76,0.1644021739130435,0.40968180054326736
5.0,0.5,14,3,5.0,10.0,-2.8,within_scan,-2.3,within_scan,10308,87,0.16055490880869228,0.2375824602250679,0.6018626309662398,616,7.080459770114943,4302.6775320139695,40.0,549,67,0.19854280510018216,0.3981373690337602
5.0,0.5,15,1,5.0,0.0,-2.8,within_scan,-2.3,within_scan,10308,87,0.1570624757469926,0.2848273185875049,0.5581102056655025,1129,12.977011494252874,7885.913853317811,20.0,1049,80,0.12202097235462345,0.4418897943344975
5.0,0.5,15,2,5.0,5.0,-2.8,within_scan,-2.3,within_scan,10308,87,0.15948777648428406,0.28055878928987193,0.559953434225844,871,10.011494252873563,6083.818393480791,30.0,795,76,0.17358490566037735,0.440046565774156
5.0,0.5,15,3,5.0,10.0,-2.8,within_scan,-2.3,within_scan,10308,87,0.163465269693442,0.26406674427629023,0.5724679860302677,654,7.517241379310345,4568.102444703143,40.0,586,68,0.21331058020477817,0.4275320139697322
5.0,0.5,16,1,5.0,0.0,-2.7,within_scan,-2.3,within_scan,10308,87,0.1476523088863019,0.2775514163756306,0.5747962747380675,1179,13.551724137931034,8235.157159487775,20.0,1098,81,0.1029143897996357,0.4252037252619325
5.0,0.5,16,2,5.0,5.0,-2.7,within_scan,-2.3,within_scan,10308,87,0.1503686457120683,0.2729918509895227,0.576639503298409,847,9.735632183908047,5916.181606519208,30.0,769,78,0.16514954486345904,0.42336049670159104
5.0,0.5,16,3,5.0,10.0,-2.7,within_scan,-2.3,within_scan,10308,87,0.15357004268529298,0.259895227008149,0.586534730306558,622,7.149425287356322,4344.586728754366,45.0,549,73,0.22950819672131148,0.413465269693442
5.0,0.5,17,1,5.0,0.0,-2.9,within_scan,-2.3,within_scan,10308,87,0.1522118742724098,0.27823050058207216,0.569557625145518,1056,12.137931034482758,7376.018626309662,25.0,976,80,0.12192622950819672,0.43044237485448195
5.0,0.5,17,2,5.0,5.0,-2.8,within_scan,-2.3,within_scan,10308,87,0.1553162592161428,0.27337989910748933,0.5713038416763678,804,9.241379310344827,5615.832363213039,30.0,728,76,0.17582417582417584,0.42869615832363217
5.0,0.5,17,3,5.0,10.0,-2.8,within_scan,-2.3,within_scan,10308,87,0.15657741559953434,0.26299961195188204,0.5804229724485837,582,6.689655172413793,4065.1920838183937,45.0,517,65,0.25338491295938104,0.41957702755141635
5.0,0.5,18,1,5.0,0.0,-2.7,within_scan,-2.3,within_scan,10308,87,0.14949553744664337,0.2881257275902212,0.5623787349631354,1021,11.735632183908047,7131.548311990687,25.0,945,76,0.13756613756613756,0.4376212650368646
5.0,0.5,18,2,5.0,5.0,-2.7,within_scan,-2.3,within_scan,10308,87,0.15415211486224292,0.28191695770275516,0.563930927435002,810,9.310344827586206,5657.741559953434,30.0,734,76,0.1784741144414169,0.43606907256499805
5.0,0.5,18,3,5.0,10.0,-2.7,within_scan,-2.3,within_scan,10308,87,0.15754753589445092,0.27260380287155606,0.569848661233993,626,7.195402298850575,4372.526193247963,45.0,556,70,0.2356115107913669,0.430151338766007
5.0,0.5,19,1,5.0,0.0,-2.8,within_scan,-2.3,within_scan,10308,87,0.15948777648428406,0.27696934419868063,0.5635428793170353,1111,12.770114942528735,7760.186263096624,25.0,1032,79,0.12887596899224807,0.4364571206829647
5.0,0.5,19,2,5.0,5.0,-2.8,within_scan,-2.3,within_scan,10308,87,0.16307722157547536,0.2695964299573147,0.56732634846721,834,9.586206896551724,5825.378346915018,30.0,756,78,0.18386243386243387,0.43267365153279
5.0,0.5,19,3,5.0,10.0,-2.8,within_scan,-2.3,within_scan,10308,87,0.16870391928599146,0.2539774932091579,0.5773185875048507,603,6.931034482758621,4211.874272409778,45.0,543,60,0.24125230202578268,0.42268141249514934
5.0,1.0,0,1,5.0,0.0,-3.5,within_scan,-2.9,within_scan,10308,87,0.13698098564221964,0.2305975941016686,0.6324214202561118,1198,13.770114942528735,8367.869615832364,20.0,1118,80,0.08318425760286226,0.36757857974388825
5.0,1.0,0,2,5.0,5.0,-3.5,within_scan,-2.9,within_scan,10308,87,0.13814512999611953,0.22380675203725262,0.6380481179666279,876,10.068965517241379,6118.742724097788,25.0,798,78,0.12531328320802004,0.36195188203337214
5.0,1.0,0,3,5.0,10.0,-3.5,within_scan,-2.9,within_scan,10308,87,0.1435778036476523,0.20857586340706247,0.6478463329452853,646,7.425287356321839,4512.223515715948,35.0,576,70,0.18055555555555555,0.35215366705471474
5.0,1.0,1,1,5.0,0.0,-3.6,within_scan,-2.8,within_scan,10308,87,0.11825766395032984,0.23816453240201785,0.6435778036476523,1256,14.436781609195402,8772.991850989523,20.0,1177,79,0.07391673746813934,0.3564221963523477
5.0,1.0,1,2,5.0,5.0,-3.6,within_scan,-2.8,within_scan,10308,87,0.1197128443927047,0.23185875048506016,0.6484284051222352,872,10.022988505747126,6090.80325960419,30.0,795,77,0.11320754716981132,0.35157159487776485
5.0,1.0,1,3,5.0,10.0,-3.6,within_scan,-2.8,within_scan,10308,87,0.1271827706635623,0.2089639115250291,0.6638533178114087,633,7.275862068965517,4421.420256111758,40.0,560,73,0.16785714285714284,0.3361466821885914
5.0,1.0,2,1,5.0,0.0,-3.6,within_scan,-2.8,within_scan,10308,87,0.1262126503686457,0.21245634458672877,0.6613310050446255,1123,12.908045977011493,7844.004656577416,20.0,1046,77,0.09369024856596558,0.3386689949553745
5.0,1.0,2,2,5.0,5.0,-3.6,within_scan,-2.8,within_scan,10308,87,0.12630966239813737,0.20799379123011252,0.6656965463717501,774,8.89655172413793,5406.28637951106,30.0,698,76,0.15329512893982808,0.33430345362824987
5.0,1.0,2,3,5.0,10.0,-3.6,within_scan,-2.8,within_scan,10308,87,0.1336825766395033,0.19266589057043074,0.673651532790066,588,6.758620689655173,4107.10128055879,40.0,516,72,0.19767441860465115,0.32634846720993405
5.0,1.0,3,1,5.0,0.0,-3.6,within_scan,-2.8,within_scan,10308,87,0.11748156771439658,0.22458284827318586,0.6579355840124176,1176,13.517241379310345,8214.20256111758,20.0,1096,80,0.0812043795620438,0.3420644159875824
5.0,1.0,3,2,5.0,5.0,-3.6,within_scan,-2.8,within_scan,10308,87,0.1205859526581296,0.21672487388436165,0.6626891734575088,794,9.126436781609195,5545.983701979046,30.0,715,79,0.13846153846153847,0.3373108265424912
5.0,1.0,3,3,5.0,10.0,-3.5,within_scan,-2.8,within_scan,10308,87,0.12485448195576251,0.2009119130772216,0.6742336049670159,611,7.022988505747127,4267.753201396973,35.0,540,71,0.17592592592592593,0.3257663950329841
5.0,1.0,4,1,5.0,0.0,-3.6,within_scan,-2.9,within_scan,10308,87,0.11728754365541327,0.21788901823826154,0.6648234381063252,1137,13.068965517241379,7941.792782305006,20.0,1060,77,0.09622641509433963,0.33517656189367484
5.0,1.0,4,2,5.0,5.0,-3.6,within_scan,-2.9,within_scan,10308,87,0.11883973612727979,0.21119518820333721,0.669965075669383,786,9.03448275862069,5490.104772991851,30.0,709,77,0.15091678420310295,0.330034924330617
5.0,1.0,4,3,5.0,10.0,-3.6,within_scan,-2.9,within_scan,10308,87,0.12407838571982927,0.1985836243694218,0.6773379899107489,592,6.804597701149425,4135.040745052387,40.0,519,73,0.2003853564547206,0.3226620100892511
5.0,1.0,5,1,5.0,0.0,-3.5,within_scan,-2.8,within_scan,10308,87,0.10671323244082266,0.2157547535894451,0.6775320139697323,1133,13.022988505747126,7913.8533178114085,20.0,1053,80,0.08452041785375118,0.3224679860302678
5.0,1.0,5,2,5.0,5.0,-3.5,within_scan,-2.8,within_scan,10308,87,0.10807140085370585,0.21245634458672877,0.6794722545595654,793,9.114942528735632,5538.998835855646,30.0,718,75,0.14345403899721448,0.3205277454404346
5.0,1.0,5,3,5.0,10.0,-3.5,within_scan,-2.8,within_scan,10308,87,0.11447419480015522,0.19315095071788901,0.6923748544819558,586,6.735632183908046,4093.131548311991,40.0,515,71,0.2058252427184466,0.3076251455180442
5.0,1.0,6,1,5.0,0.0,-3.5,within_scan,-2.8,within_scan,10308,87,0.1296080714008537,0.243209157935584,0.6271827706635623,1314,15.10344827586207,9178.114086146683,15.0,1234,80,0.06807131280388978,0.3728172293364377
5.0,1.0,6,2,5.0,5.0,-3.5,within_scan,-2.8,within_scan,10308,87,0.13125727590221187,0.23913465269693443,0.6296080714008537,874,10.045977011494253,6104.7729918509895,25.0,794,80,0.12342569269521411,0.37039192859914627
5.0,1.0,6,3,5.0,10.0,-3.5,within_scan,-2.8,within_scan,10308,87,0.13668994955374467,0.22215754753589445,0.6411525029103609,609,7.0,4253.783469150175,40.0,533,76,0.21200750469043153,0.35884749708963914
5.0,1.0,7,1,5.0,0.0,-3.6,within_scan,-2.9,within_scan,10308,87,0.12068296468762127,0.246604578967792,0.6327124563445867,1213,13.942528735632184,8472.642607683352,20.0,1135,78,0.08105726872246696,0.3672875436554133
5.0,1.0,7,2,5.0,5.0,-3.6,within_scan,-2.9,within_scan,10308,87,0.1226232052774544,0.243209157935584,0.6341676367869615,876,10.068965517241379,6118.742724097788,27.5,798,78,0.13909774436090225,0.3658323632130384
5.0,1.0,7,3,5.0,10.0,-3.6,within_scan,-3.0,within_scan,10308,87,0.1275708187815289,0.22380675203725262,0.6486224291812185,641,7.367816091954023,4477.299185098952,35.0,568,73,0.1954225352112676,0.3513775708187815
5.0,1.0,8,1,5.0,0.0,-3.5,within_scan,-2.8,within_scan,10308,87,0.1413465269693442,0.20585952658129608,0.6527939464493597,1128,12.96551724137931,7878.928987194412,20.0,1051,77,0.09800190294957184,0.34720605355064027
5.0,1.0,8,2,5.0,5.0,-3.5,within_scan,-2.8,within_scan,10308,87,0.14309274350019402,0.20159099728366317,0.6553162592161428,831,9.551724137931034,5804.423748544819,25.0,754,77,0.13793103448275862,0.3446837407838572
5.0,1.0,8,3,5.0,10.0,-3.5,within_scan,-2.8,within_scan,10308,87,0.1525999223903764,0.17665890570430734,0.6707411719053162,562,6.459770114942529,3925.4947613504078,40.0,494,68,0.20445344129554655,0.32925882809468376
5.0,1.0,9,1,5.0,0.0,-3.5,within_scan,-2.9,within_scan,10308,87,0.12019790454016298,0.21682188591385332,0.6629802095459837,1170,13.448275862068966,8172.293364377182,15.0,1091,79,0.09715857011915674,0.3370197904540163
5.0,1.0,9,2,5.0,5.0,-3.5,within_scan,-2.9,within_scan,10308,87,0.1205859526581296,0.21129220023282888,0.6681218471090415,806,9.264367816091953,5629.802095459837,30.0,728,78,0.1565934065934066,0.33187815289095846
5.0,1.0,9,3,5.0,10.0,-3.5,within_scan,-2.9,within_scan,10308,87,0.12524253007372915,0.19421808304229723,0.6805393868839736,584,6.712643678160919,4079.1618160651924,45.0,508,76,0.21850393700787402,0.31946061311602636
5.0,1.0,10,1,5.0,0.0,-3.5,within_scan,-2.8,within_scan,10308,87,0.1147652308886302,0.23108265424912688,0.6541521148622429,1146,13.172413793103448,8004.656577415599,20.0,1063,83,0.09689557855126998,0.3458478851377571
5.0,1.0,10,2,5.0,5.0,-3.5,within_scan,-2.8,within_scan,10308,87,0.11612339930151339,0.22487388436166084,0.6590027163368257,826,9.494252873563218,5769.499417927823,30.0,746,80,0.13941018766756033,0.3409972836631742
5.0,1.0,10,3,5.0,10.0,-3.5,within_scan,-2.8,within_scan,10308,87,0.12097400077609624,0.20925494761350408,0.6697710516103997,612,7.0344827586206895,4274.738067520373,40.0,536,76,0.1828358208955224,0.3302289483896003
5.0,1.0,11,1,5.0,0.0,-3.5,within_scan,-2.9,within_scan,10308,87,0.11660845944897168,0.24146294140473418,0.6419285991462942,1151,13.229885057471265,8039.580908032595,20.0,1070,81,0.09439252336448598,0.35807140085370587
5.0,1.0,11,2,5.0,5.0,-3.5,within_scan,-2.9,within_scan,10308,87,0.11651144741948001,0.2385525805199845,0.6449359720605355,760,8.735632183908047,5308.498253783469,35.0,682,78,0.1598240469208211,0.3550640279394645
5.0,1.0,11,3,5.0,10.0,-3.5,within_scan,-2.9,within_scan,10308,87,0.12223515715948778,0.22099340318199456,0.6567714396585177,583,6.7011494252873565,4072.176949941793,40.0,513,70,0.21637426900584794,0.34322856034148236
5.0,1.0,12,1,5.0,0.0,-3.5,within_scan,-2.8,within_scan,10308,87,0.13251843228560342,0.21536670547147846,0.6521148622429181,1133,13.022988505747126,7913.8533178114085,20.0,1054,79,0.10436432637571158,0.34788513775708185
5.0,1.0,12,2,5.0,5.0,-3.5,within_scan,-2.8,within_scan,10308,87,0.13630190143577803,0.206732634846721,0.656965463717501,840,9.655172413793103,5867.287543655413,25.0,760,80,0.14078947368421052,0.343034536282499
5.0,1.0,12,3,5.0,10.0,-3.5,within_scan,-2.8,within_scan,10308,87,0.14318975552968569,0.18965851765618938,0.6671517268141249,636,7.310344827586207,4442.374854481956,40.0,559,77,0.18246869409660108,0.33284827318587507
5.0,1.0,13,1,5.0,0.0,-3.6,within_scan,-2.8,within_scan,10308,87,0.10001940240589834,0.23321691889794335,0.6667636786961583,1170,13.448275862068966,8172.293364377182,15.0,1092,78,0.07509157509157509,0.3332363213038417
5.0,1.0,13,2,5.0,5.0,-3.6,within_scan,-2.8,within_scan,10308,87,0.09953434225844005,0.2295304617772604,0.6709351959642996,805,9.25287356321839,5622.817229336438,30.0,728,77,0.14423076923076922,0.32906480403570043
5.0,1.0,13,3,5.0,10.0,-3.6,within_scan,-2.8,within_scan,10308,87,0.1052580519984478,0.2159487776484284,0.6787931703531238,566,6.505747126436781,3953.4342258440047,45.0,495,71,0.2222222222222222,0.3212068296468762
5.0,1.0,14,1,5.0,0.0,-3.5,within_scan,-2.9,within_scan,10308,87,0.1253395421032208,0.203337213814513,0.6713232440822662,1045,12.011494252873563,7299.18509895227,20.0,967,78,0.11271975180972078,0.3286767559177338
5.0,1.0,14,2,5.0,5.0,-3.5,within_scan,-2.9,within_scan,10308,87,0.1262126503686457,0.20139697322467986,0.6723903764066744,784,9.011494252873563,5476.135040745053,30.0,706,78,0.15439093484419264,0.32760962359332557
5.0,1.0,14,3,5.0,10.0,-3.5,within_scan,-2.9,within_scan,10308,87,0.13348855258051998,0.1815095071788902,0.6850019402405898,566,6.505747126436781,3953.4342258440047,40.0,494,72,0.21052631578947367,0.3149980597594102
5.0,1.0,15,1,5.0,0.0,-3.6,within_scan,-2.8,within_scan,10308,87,0.12029491656965463,0.2498059759410167,0.6298991074893286,1294,14.873563218390805,9038.416763678697,20.0,1213,81,0.07007419620774938,0.37010089251067135
5.0,1.0,15,2,5.0,5.0,-3.6,within_scan,-2.8,within_scan,10308,87,0.12077997671711292,0.24379123011253395,0.6354287931703532,916,10.528735632183908,6398.13736903376,25.0,837,79,0.11827956989247312,0.3645712068296469
5.0,1.0,15,3,5.0,10.0,-3.6,within_scan,-2.8,within_scan,10308,87,0.12504850601474582,0.22826930539386883,0.6466821885913854,664,7.632183908045977,4637.951105937136,35.0,597,67,0.17922948073701842,0.3533178114086146
5.0,1.0,16,1,5.0,0.0,-3.4,within_scan,-2.8,within_scan,10308,87,0.1163174233604967,0.23244082266201008,0.6512417539774932,1144,13.149425287356323,7990.6868451688015,15.0,1060,84,0.09056603773584905,0.34875824602250677
5.0,1.0,16,2,5.0,5.0,-3.4,within_scan,-2.8,within_scan,10308,87,0.11670547147846333,0.2242918121847109,0.6590027163368257,752,8.64367816091954,5252.619324796275,30.0,674,78,0.15875370919881307,0.3409972836631742
5.0,1.0,16,3,5.0,10.0,-3.4,within_scan,-2.8,within_scan,10308,87,0.12213814512999611,0.21294140473418705,0.6649204501358168,573,6.586206896551724,4002.3282887077994,40.0,508,65,0.2283464566929134,0.33507954986418315
5.0,1.0,17,1,5.0,0.0,-3.6,within_scan,-2.9,within_scan,10308,87,0.11573535118354676,0.2272021730694606,0.6570624757469926,1087,12.494252873563218,7592.549476135041,20.0,1009,78,0.09117938553022795,0.3429375242530074
5.0,1.0,17,2,5.0,5.0,-3.6,within_scan,-2.9,within_scan,10308,87,0.11612339930151339,0.22303065580131937,0.6608459448971673,781,8.977011494252874,5455.1804423748545,30.0,705,76,0.1375886524822695,0.33915405510283275
5.0,1.0,17,3,5.0,10.0,-3.6,within_scan,-2.9,within_scan,10308,87,0.1203919285991463,0.21109817617384555,0.6685098952270081,592,6.804597701149425,4135.040745052387,40.0,526,66,0.18631178707224336,0.33149010477299184
5.0,1.0,18,1,5.0,0.0,-3.5,within_scan,-2.8,within_scan,10308,87,0.1163174233604967,0.21847109041521148,0.6652114862242918,1037,11.919540229885058,7243.306169965075,20.0,961,76,0.10718002081165452,0.3347885137757082
5.0,1.0,18,2,5.0,5.0,-3.5,within_scan,-2.8,within_scan,10308,87,0.11728754365541327,0.21071012805587894,0.6720023282887078,697,8.011494252873563,4868.451688009313,30.0,621,76,0.18357487922705315,0.32799767171129224
5.0,1.0,18,3,5.0,10.0,-3.5,within_scan,-2.8,within_scan,10308,87,0.12301125339542103,0.20227008149010478,0.6747186651144742,545,6.264367816091954,3806.752037252619,40.0,475,70,0.23789473684210527,0.3252813348855258
5.0,1.0,19,1,5.0,0.0,-3.5,within_scan,-2.8,within_scan,10308,87,0.11796662786185487,0.22118742724097787,0.6608459448971673,1138,13.080459770114942,7948.777648428405,20.0,1059,79,0.08876298394711993,0.33915405510283275
5.0,1.0,19,2,5.0,5.0,-3.5,within_scan,-2.8,within_scan,10308,87,0.11777260380287155,0.2157547535894451,0.6664726426076834,791,9.091954022988507,5525.029103608847,30.0,713,78,0.1388499298737728,0.33352735739231665
5.0,1.0,19,3,5.0,10.0,-3.5,within_scan,-2.8,within_scan,10308,87,0.12660069848661235,0.19664338377958868,0.676755917733799,600,6.896551724137931,4190.919674039581,40.0,526,74,0.19771863117870722,0.32324408226620105
