member_time_observations,allowed_bad_c,allowed_bad_r,exposure_c,exposure_r,persistence_k,policy_update_s,minimum_confirmation_delay_s,t_c_db,t_c_status,t_r_db,t_r_status,nominal_valid_observations,nominal_sequence_count,nominal_c_share,nominal_r_share,nominal_f_share,nominal_switches,nominal_mean_switches_per_sequence,nominal_switches_per_100_group_h,nominal_median_post_switch_dwell_s,nominal_aks_actionability_evaluable_transitions,nominal_aks_actionability_right_censored_transitions,nominal_aks_completion_before_next_switch_fraction,nominal_cr_share
35,0,1,0.0,0.02857142857142857,1,5.0,0.0,-2.7,within_scan,-2.4,within_scan,10308,87,0.04472254559565386,0.11350407450523865,0.8417733798991075,602,6.919540229885057,4204.88940628638,15.0,527,75,0.21631878557874762,0.1582266201008925
35,0,1,0.0,0.02857142857142857,2,5.0,5.0,-2.7,within_scan,-2.4,within_scan,10308,87,0.05073729142413659,0.10690725649980598,0.8423554520760574,284,3.264367816091954,1983.7019790454017,82.5,248,36,0.3225806451612903,0.15764454792394256
35,0,1,0.0,0.02857142857142857,3,5.0,10.0,-2.7,within_scan,-2.4,within_scan,10308,87,0.05442374854481956,0.10651920838183934,0.8390570430733411,259,2.9770114942528734,1809.080325960419,95.0,246,13,0.32113821138211385,0.1609429569266589
35,0,2,0.0,0.05714285714285714,1,5.0,0.0,-2.7,within_scan,-2.2,within_scan,10308,87,0.04472254559565386,0.22041133100504462,0.7348661233993015,810,9.310344827586206,5657.741559953434,30.0,731,79,0.11080711354309165,0.2651338766006985
35,0,2,0.0,0.05714285714285714,2,5.0,5.0,-2.7,within_scan,-2.2,within_scan,10308,87,0.04588668994955374,0.2186651144741948,0.7354481955762514,756,8.689655172413794,5280.558789289872,30.0,680,76,0.11911764705882352,0.26455180442374854
35,0,2,0.0,0.05714285714285714,3,5.0,10.0,-2.7,within_scan,-2.1,within_scan,10308,87,0.05927435001940241,0.20139697322467986,0.7393286767559177,607,6.977011494252873,4239.813736903376,35.0,533,74,0.150093808630394,0.26067132324408226
35,0,3,0.0,0.08571428571428572,1,5.0,0.0,-2.7,within_scan,-2.1,within_scan,10308,87,0.04472254559565386,0.48971672487388435,0.4655607295304618,769,8.839080459770114,5371.362048894062,30.0,692,77,0.203757225433526,0.5344392704695382
35,0,3,0.0,0.08571428571428572,2,5.0,5.0,-2.7,within_scan,-2.1,within_scan,10308,87,0.04472254559565386,0.49417927823050056,0.4610981761738456,632,7.264367816091954,4414.435389988359,35.0,569,63,0.2478031634446397,0.5389018238261545
35,0,3,0.0,0.08571428571428572,3,5.0,10.0,-2.7,within_scan,-2.1,within_scan,10308,87,0.04840900271633682,0.49495537446643384,0.45663562281722936,560,6.436781609195402,3911.525029103609,50.0,509,51,0.29862475442043224,0.5433643771827706
35,0,4,0.0,0.11428571428571428,1,5.0,0.0,-2.7,within_scan,-1.9,within_scan,10308,87,0.04472254559565386,0.5761544431509508,0.3791230112533954,643,7.390804597701149,4491.268917345751,50.0,568,75,0.3732394366197183,0.6208769887466046
35,0,4,0.0,0.11428571428571428,2,5.0,5.0,-2.7,within_scan,-1.9,within_scan,10308,87,0.04472254559565386,0.5764454792394257,0.37883197516492045,605,6.954022988505747,4225.844004656577,50.0,568,37,0.3732394366197183,0.6211680248350795
35,0,4,0.0,0.11428571428571428,3,5.0,10.0,-2.7,within_scan,-1.9,within_scan,10308,87,0.04840900271633682,0.5443344974776873,0.40725649980597595,284,3.264367816091954,1983.7019790454017,130.0,274,10,0.7664233576642335,0.5927435001940241
35,0,5,0.0,0.14285714285714285,1,5.0,0.0,-2.7,within_scan,-1.8,within_scan,10308,87,0.04472254559565386,0.7196352347691114,0.23564221963523477,466,5.35632183908046,3254.9476135040745,130.0,392,74,0.6913265306122449,0.7643577803647652
35,0,5,0.0,0.14285714285714285,2,5.0,5.0,-2.7,within_scan,-1.8,within_scan,10308,87,0.04472254559565386,0.7198292588280947,0.23544819557625146,428,4.919540229885057,2989.522700814901,135.0,391,37,0.690537084398977,0.7645518044237485
35,0,5,0.0,0.14285714285714285,3,5.0,10.0,-2.7,within_scan,-1.8,within_scan,10308,87,0.04840900271633682,0.716336825766395,0.23525417151726813,404,4.64367816091954,2821.8859138533176,130.0,391,13,0.690537084398977,0.7647458284827319
35,1,2,0.02857142857142857,0.05714285714285714,1,5.0,0.0,-2.4,within_scan,-2.2,within_scan,10308,87,0.1582266201008925,0.10690725649980598,0.7348661233993015,960,11.03448275862069,6705.47147846333,20.0,881,79,0.13507377979568672,0.2651338766006985
35,1,2,0.02857142857142857,0.05714285714285714,2,5.0,5.0,-2.4,within_scan,-2.2,within_scan,10308,87,0.17209934031819946,0.08275126115638338,0.7451493985254172,637,7.32183908045977,4449.3597206053555,35.0,559,78,0.10554561717352415,0.2548506014745828
35,1,2,0.02857142857142857,0.05714285714285714,3,5.0,10.0,-2.4,within_scan,-2.1,within_scan,10308,87,0.1740395809080326,0.08410942956926659,0.7418509895227008,573,6.586206896551724,4002.3282887077994,35.0,499,74,0.14228456913827656,0.2581490104772992
35,1,3,0.02857142857142857,0.08571428571428572,1,5.0,0.0,-2.4,within_scan,-2.1,within_scan,10308,87,0.1582266201008925,0.3762126503686457,0.4655607295304618,943,10.839080459770114,6586.728754365541,25.0,864,79,0.17939814814814814,0.5344392704695382
35,1,3,0.02857142857142857,0.08571428571428572,2,5.0,5.0,-2.4,within_scan,-2.1,within_scan,10308,87,0.1648234381063252,0.37407838571982927,0.4610981761738456,700,8.045977011494253,4889.406286379511,47.5,622,78,0.2491961414790997,0.5389018238261545
35,1,3,0.02857142857142857,0.08571428571428572,3,5.0,10.0,-2.4,within_scan,-2.1,within_scan,10308,87,0.16443538998835855,0.3787349631354288,0.45682964687621264,612,7.0344827586206895,4274.738067520373,55.0,546,66,0.2802197802197802,0.5431703531237874
35,1,4,0.02857142857142857,0.11428571428571428,1,5.0,0.0,-2.4,within_scan,-1.9,within_scan,10308,87,0.1582266201008925,0.4626503686457121,0.3791230112533954,817,9.39080459770115,5706.63562281723,50.0,738,79,0.3224932249322493,0.6208769887466046
35,1,4,0.02857142857142857,0.11428571428571428,2,5.0,5.0,-2.4,within_scan,-1.9,within_scan,10308,87,0.1648234381063252,0.4563445867287544,0.37883197516492045,673,7.735632183908046,4700.81490104773,55.0,594,79,0.4006734006734007,0.6211680248350796
35,1,4,0.02857142857142857,0.11428571428571428,3,5.0,10.0,-2.4,within_scan,-1.9,within_scan,10308,87,0.16443538998835855,0.4283081102056655,0.40725649980597595,337,3.8735632183908044,2353.8998835855646,120.0,299,38,0.7859531772575251,0.592743500194024
35,1,5,0.02857142857142857,0.14285714285714285,1,5.0,0.0,-2.4,within_scan,-1.8,within_scan,10308,87,0.1582266201008925,0.6061311602638727,0.23564221963523477,640,7.35632183908046,4470.314318975553,65.0,562,78,0.5284697508896797,0.7643577803647652
35,1,5,0.02857142857142857,0.14285714285714285,2,5.0,5.0,-2.4,within_scan,-1.8,within_scan,10308,87,0.1648234381063252,0.5997283663174233,0.23544819557625146,496,5.7011494252873565,3464.4935972060534,110.0,417,79,0.709832134292566,0.7645518044237485
35,1,5,0.02857142857142857,0.14285714285714285,3,5.0,10.0,-2.4,within_scan,-1.8,within_scan,10308,87,0.16443538998835855,0.6003104384943733,0.23525417151726813,457,5.252873563218391,3192.083818393481,115.0,416,41,0.7091346153846154,0.7647458284827318
35,2,3,0.05714285714285714,0.08571428571428572,1,5.0,0.0,-2.2,within_scan,-2.1,within_scan,10308,87,0.2651338766006985,0.2693053938688397,0.4655607295304618,1114,12.804597701149426,7781.140861466822,20.0,1035,79,0.11304347826086956,0.5344392704695382
35,2,3,0.05714285714285714,0.08571428571428572,2,5.0,5.0,-2.2,within_scan,-2.1,within_scan,10308,87,0.2693053938688397,0.26707411719053165,0.46362048894062863,937,10.770114942528735,6544.819557625145,30.0,856,81,0.10514018691588785,0.5363795110593714
35,2,3,0.05714285714285714,0.08571428571428572,3,5.0,10.0,-2.1,within_scan,-2.1,within_scan,10308,87,0.27143965851765617,0.27173069460613114,0.45682964687621264,888,10.206896551724139,6202.56111757858,30.0,808,80,0.13985148514851486,0.5431703531237873
35,2,4,0.05714285714285714,0.11428571428571428,1,5.0,0.0,-2.2,within_scan,-1.9,within_scan,10308,87,0.2651338766006985,0.3557431121459061,0.3791230112533954,1013,11.64367816091954,7075.669383003492,35.0,933,80,0.18971061093247588,0.6208769887466046
35,2,4,0.05714285714285714,0.11428571428571428,2,5.0,5.0,-2.2,within_scan,-1.9,within_scan,10308,87,0.2680442374854482,0.35069848661233993,0.38125727590221187,948,10.89655172413793,6621.653084982538,35.0,867,81,0.1637831603229527,0.6187427240977881
35,2,4,0.05714285714285714,0.11428571428571428,3,5.0,10.0,-2.1,within_scan,-1.9,within_scan,10308,87,0.27270081490104775,0.3177143965851766,0.4095847885137757,614,7.057471264367816,4288.707799767171,35.0,536,78,0.3208955223880597,0.5904152114862243
35,2,5,0.05714285714285714,0.14285714285714285,1,5.0,0.0,-2.2,within_scan,-1.8,within_scan,10308,87,0.2651338766006985,0.4992239037640667,0.23564221963523477,836,9.60919540229885,5839.348079161816,35.0,757,79,0.31175693527080584,0.7643577803647652
35,2,5,0.05714285714285714,0.14285714285714285,2,5.0,5.0,-2.2,within_scan,-1.8,within_scan,10308,87,0.26455180442374854,0.5,0.23544819557625146,832,9.563218390804598,5811.408614668218,35.0,752,80,0.31117021276595747,0.7645518044237485
35,2,5,0.05714285714285714,0.14285714285714285,3,5.0,10.0,-2.1,within_scan,-1.8,within_scan,10308,87,0.2736709351959643,0.4863213038416764,0.24000776096235935,746,8.574712643678161,5210.710128055879,40.0,666,80,0.3003003003003003,0.7599922390376407
35,3,4,0.08571428571428572,0.11428571428571428,1,5.0,0.0,-2.1,within_scan,-1.9,within_scan,10308,87,0.5344392704695382,0.08643771827706635,0.3791230112533954,923,10.60919540229885,6447.031431897555,20.0,880,43,0.17613636363636365,0.6208769887466046
35,3,4,0.08571428571428572,0.11428571428571428,2,5.0,5.0,-2.1,within_scan,-1.9,within_scan,10308,87,0.5413271245634459,0.07508731082654249,0.38358556461001164,750,8.620689655172415,5238.649592549476,30.0,694,56,0.15561959654178675,0.6164144353899884
35,3,4,0.08571428571428572,0.11428571428571428,3,5.0,10.0,-2.1,within_scan,-1.9,within_scan,10308,87,0.545789677920062,0.042297244858362434,0.4119130772215755,406,4.666666666666667,2835.8556461001162,50.0,355,51,0.428169014084507,0.5880869227784244
35,3,5,0.08571428571428572,0.14285714285714285,1,5.0,0.0,-2.1,within_scan,-1.8,within_scan,10308,87,0.5344392704695382,0.229918509895227,0.23564221963523477,795,9.137931034482758,5552.968568102445,25.0,766,29,0.3394255874673629,0.7643577803647652
35,3,5,0.08571428571428572,0.14285714285714285,2,5.0,5.0,-2.1,within_scan,-1.8,within_scan,10308,87,0.5423942568878541,0.2208963911525029,0.236709351959643,647,7.436781609195402,4519.2083818393485,45.0,605,42,0.3537190082644628,0.7632906480403571
35,3,5,0.08571428571428572,0.14285714285714285,3,5.0,10.0,-2.1,within_scan,-1.8,within_scan,10308,87,0.5517074117190531,0.20236709351959642,0.2459254947613504,525,6.0344827586206895,3667.0547147846332,50.0,471,54,0.33121019108280253,0.7540745052386495
35,4,5,0.11428571428571428,0.14285714285714285,1,5.0,0.0,-1.9,within_scan,-1.8,within_scan,10308,87,0.6208769887466046,0.14348079161816066,0.23564221963523477,669,7.689655172413793,4672.875436554133,20.0,659,10,0.17905918057663125,0.7643577803647652
35,4,5,0.11428571428571428,0.14285714285714285,2,5.0,5.0,-1.9,within_scan,-1.8,within_scan,10308,87,0.6283469150174622,0.13019014357780365,0.24146294140473418,533,6.126436781609195,3722.9336437718275,30.0,461,72,0.0021691973969631237,0.7585370585952659
35,4,5,0.11428571428571428,0.14285714285714285,3,5.0,10.0,-1.9,within_scan,-1.8,within_scan,10308,87,0.5987582460225068,0.15997283663174233,0.24126891734575087,248,2.8505747126436782,1732.2467986030267,130.0,177,71,0.3389830508474576,0.7587310826542492
