group,case,controller,delta_spacing_m,initial_request,reference_duration_s,observation_end_s,sampled_settling_s,gap_error_at_reference_end_m,gap_error_at_T_plus_120_m,final_gap_m,final_equilibrium_error_m,final_dynamic_error_m,final_speed_mps,speed_min_mps,speed_max_mps,peak_acceleration_mps2,peak_braking_mps2,dt_s
transition,C → R,acc,750,planned,75.0,1575.0,829.125,-416.75181751130185,-159.2442059363334,2069.8974261880066,-0.002573811993443087,-0.001613014462236606,49.99997942617555,44.29750797382974,50.0,0.04367493676550405,-2.0,0.03125
transition,C → R,aks,750,planned,75.0,1575.0,73.76785714285714,-2.3010215954855084e-10,-9.549694368615746e-12,2069.899999999994,-5.9117155615240335e-12,7.275957614183426e-12,49.999999999999716,30.00000000015611,50.0,0.6999998784637708,-0.9333330452531738,0.03125
transition,R → F,acc,1500,planned,150.0,1650.0,1137.53125,-577.2487831541889,-266.11898177558805,3569.8630241007922,-0.03697589920784594,-0.018727433636740898,49.99976207985627,40.67153883593431,50.0,0.05875208645691821,-2.0,0.03125
transition,R → F,aks,1500,planned,150.0,1650.0,147.50446428571428,-6.048139766789973e-11,-2.4101609596982598e-11,3569.8999999999796,-2.0463630789890885e-11,1.5006662579253316e-11,49.99999999999954,30.000000000041574,50.0,0.34999996581724013,-0.46666658564363306,0.03125
transition,C → F,acc,2250,planned,225.0,1725.0,1200.875,-535.3740182966872,-246.85365622349354,3569.865696267647,-0.03430373235323714,-0.01737404289360711,49.99977927382535,36.00620321529016,50.0,0.08897003433537787,-2.0,0.03125
transition,C → F,aks,2250,planned,225.0,1725.0,221.27232142857142,-1.6825651982799172e-11,-1.5006662579253316e-11,3569.8999999999796,-2.0463630789890885e-11,1.5006662579253316e-11,49.99999999999954,30.00000000001873,50.0,0.23333333220615768,-0.3111111084411478,0.03125
transition,R → C,acc,-750,planned,51.23475382979799,1551.234753829798,731.203503829798,483.608360327602,162.9979115782603,1319.9005738691776,0.0005738691775150073,0.0004083096441718226,50.00000522269807,50.0,56.30321086311564,1.5,-0.05265459883060197,0.03125
transition,R → C,aks,-750,planned,51.23475382979799,1551.234753829798,50.714502188455995,-6.452864909078926e-10,-1.095486368285492e-09,1319.8999999989173,-1.082753442460671e-09,-6.471054803114384e-10,49.99999999998626,49.999999999978606,79.27700218841487,1.499998724017974,-1.9999982986802929,0.03125
transition,F → R,acc,-1500,planned,100.0,1600.0,921.0,702.614426365572,270.5051691444146,2069.904392696306,0.004392696305785648,0.0027529136459634174,50.00003511311465,50.0,61.07934729101417,1.5,-0.08154576439432759,0.03125
transition,F → R,aks,-1500,planned,100.0,1600.0,98.98660714285714,3.5788616514764726e-10,3.228706191293895e-11,2069.9000000000233,2.319211489520967e-11,-6.821210263296962e-12,50.00000000000065,50.0,79.99999999992204,0.7874999230876826,-1.0499998176956744,0.03125
transition,F → C,acc,-2250,planned,150.0,1650.0,858.1875,624.0147056933997,210.5975145218922,1319.900741957972,0.0007419579719680769,0.0005279053291360469,50.00000675244906,50.0,68.21519412540171,1.5,-0.14755585883024835,0.03125
transition,F → C,aks,-2250,planned,150.0,1650.0,148.49553571428572,1.7416823538951576e-10,6.139089236967266e-11,1319.9000000000524,5.2295945351943374e-11,2.0463630789890885e-11,50.00000000000101,50.0,79.99999999996463,0.5249999487258417,-0.6999998784654544,0.03125
variant,sufficient gap; no established pair,acc,0,hold,0.0,1500.0,,930.0999999999999,930.0999999999999,4500.0,930.0999999999999,930.0999999999999,50.0,50.0,50.0,0.0,0.0,0.03125
variant,sufficient gap; no established pair,aks,0,hold,0.0,1500.0,,930.0999999999999,930.0999999999999,4500.0,930.0999999999999,930.0999999999999,50.0,50.0,50.0,0.0,0.0,0.03125
variant,closing; 50 m/s ceiling,acc,-2250,infeasible,0.0,1500.0,,2250.0,2249.9999999999995,3569.899999999994,2249.999999999994,2249.999999999994,50.0,50.0,50.0,0.0,0.0,0.03125
variant,closing; 50 m/s ceiling,aks,-2250,infeasible,0.0,1500.0,,2250.0,2249.9999999999995,3569.899999999994,2249.999999999994,2249.999999999994,50.0,50.0,50.0,0.0,0.0,0.03125
variant,leader brakes; initially sufficient gap,acc,0,hold,0.0,1540.0,,930.0999999999999,-164.89670984527993,2102.7935564690924,-1467.1064435309077,0.04949500153361441,30.000629268800772,30.000629268800772,50.0,0.0,-0.6096582857129249,0.03125
variant,leader brakes; initially sufficient gap,aks,0,hold,0.0,1540.0,,930.0999999999999,-164.89670984527993,2102.7935564690924,-1467.1064435309077,0.04949500153361441,30.000629268800772,30.000629268800772,50.0,0.0,-0.6096582857129249,0.03125
variant,leader brakes during opening,acc,2250,planned,225.0,1725.0,,-1883.6127528303873,-1883.6127528303882,1686.28724716961,-1883.61275283039,-416.4127528303902,30.0,30.0,50.0,0.08897003433537787,-2.0,0.03125
variant,leader brakes during opening,aks,2250,planned,225.0,1725.0,,-2119.4554066488904,-2119.4554066488895,1450.4445933511088,-2119.4554066488913,-652.2554066488915,30.0,30.0,50.0,0.0,-2.0,0.03125
variant,opening; legacy zero-speed floor,acc,2250,planned,90.0,1590.0,1200.875,-1282.9396095904776,-589.8493308934453,3569.8182302716305,-0.08176972836963614,-0.04141447972278911,49.999473855347105,36.00620321529016,50.0,0.08897003433537787,-2.0,0.03125
variant,opening; legacy zero-speed floor,aks,2250,planned,90.0,1590.0,89.07142857142857,-4.129105946049094e-10,-1.5006662579253316e-11,3569.8999999999796,-2.0463630789890885e-11,1.5006662579253316e-11,49.99999999999954,2.772653018688094e-10,50.0,1.4583332893622956,-1.9444443402285347,0.03125
variant,opening; reference jerk bound 0.05,acc,2250,planned,225.0,1725.0,1200.875,-535.3740182966872,-246.85365622349354,3569.865696267647,-0.03430373235323714,-0.01737404289360711,49.99977927382535,36.00620321529016,50.0,0.08897003433537787,-2.0,0.03125
variant,opening; reference jerk bound 0.05,aks,2250,planned,225.0,1725.0,221.27232142857142,-1.6825651982799172e-11,-1.5006662579253316e-11,3569.8999999999796,-2.0463630789890885e-11,1.5006662579253316e-11,49.99999999999954,30.00000000001873,50.0,0.23333333220615768,-0.3111111084411478,0.03125
