dt_radio_s,group_size,window_s,persistence_k,policy_update_s,minimum_confirmation_delay_s,threshold_db,valid_observations,sequence_count,c_share,r_share,f_share,switches,mean_switches_per_sequence,switches_per_100_group_h,median_post_switch_dwell_s,aks_actionability_evaluable_transitions,aks_actionability_right_censored_transitions,aks_completion_before_next_switch_fraction
1.0,5,30.0,1,5.0,0.0,-3.0,15445,93,1.0,0.0,0.0,0,0.0,0.0,,0,0,
1.0,5,30.0,1,5.0,0.0,-2.9,15445,93,1.0,0.0,0.0,0,0.0,0.0,,0,0,
1.0,5,30.0,1,5.0,0.0,-2.8,15445,93,1.0,0.0,0.0,0,0.0,0.0,,0,0,
1.0,5,30.0,1,5.0,0.0,-2.7,15445,93,1.0,0.0,0.0,0,0.0,0.0,,0,0,
1.0,5,30.0,1,5.0,0.0,-2.6,15445,93,1.0,0.0,0.0,0,0.0,0.0,,0,0,
1.0,5,30.0,1,5.0,0.0,-2.5,15445,93,1.0,0.0,0.0,0,0.0,0.0,,0,0,
1.0,5,30.0,1,5.0,0.0,-2.4,15445,93,0.9808352217546131,0.019164778245386857,0.0,135,1.4516129032258065,629.3298802201359,25.0,132,3,0.49242424242424243
1.0,5,30.0,1,5.0,0.0,-2.3,15445,93,0.9770152152800259,0.022984784719974102,0.0,137,1.4731182795698925,638.6532858530269,25.0,134,3,0.5
1.0,5,30.0,1,5.0,0.0,-2.2,15445,93,0.9691162188410489,0.030883781158951115,0.0,153,1.6451612903225807,713.2405309161541,30.0,150,3,0.4666666666666667
1.0,5,30.0,1,5.0,0.0,-2.1,15445,93,0.7311103917125283,0.24978957591453546,0.019100032372936226,1049,11.279569892473118,4890.126254451278,20.0,1039,10,0.13763233878729547
1.0,5,30.0,1,5.0,0.0,-2.0,15445,93,0.6913564260278408,0.2850760764001295,0.023567497572029784,453,4.870967741935484,2111.75137584979,25.0,446,7,0.48654708520179374
1.0,5,30.0,1,5.0,0.0,-1.9,15445,93,0.44111362900615086,0.41307866623502754,0.14580770475882163,1602,17.225806451612904,7468.047911945613,20.0,1581,21,0.17963314358001264
1.0,5,30.0,1,5.0,0.0,-1.8,15445,93,0.39954677889284557,0.4179993525412755,0.18245386856587892,625,6.720430107526882,2913.5642602784073,130.0,607,18,0.7265238879736409
1.0,5,30.0,1,5.0,0.0,-1.7,15445,93,0.362771123340887,0.3355778569116219,0.3016510197474911,784,8.43010752688172,3654.775008093234,80.0,764,20,0.574607329842932
1.0,5,30.0,1,5.0,0.0,-1.6,15445,93,0.3279378439624474,0.3468436387180317,0.3252185173195209,527,5.666666666666667,2456.717384266753,120.0,512,15,0.724609375
1.0,5,30.0,1,5.0,0.0,-1.5,15445,93,0.32554224668177406,0.3371965037228877,0.3372612495953383,657,7.064516129032258,3062.738750404662,80.0,642,15,0.5778816199376947
1.0,5,30.0,1,5.0,0.0,-1.4,15445,93,0.3214632567173843,0.22292003884752348,0.4556167044350923,1498,16.107526881720432,6983.230819035286,15.0,1481,17,0.19311276164753544
1.0,5,30.0,1,5.0,0.0,-1.3,15445,93,0.3123988345742959,0.08313370022661055,0.6044674651990936,1202,12.924731182795698,5603.366785367432,15.0,1184,18,0.25844594594594594
1.0,5,30.0,1,5.0,0.0,-1.2,15445,93,0.30670119779864036,0.033408870184525735,0.6598899320168339,652,7.010752688172043,3039.4302363224347,10.0,639,13,0.4788732394366197
1.0,5,30.0,1,5.0,0.0,-1.1,15445,93,0.2977015215280026,0.035869213337649725,0.6664292651343476,657,7.064516129032258,3062.738750404662,10.0,644,13,0.47360248447204967
1.0,5,30.0,1,5.0,0.0,-1.0,15445,93,0.21871155713823243,0.10929103269666558,0.671997410165102,976,10.494623655913978,4549.82194885076,10.0,961,15,0.23413111342351717
1.0,5,30.0,1,5.0,0.0,-0.9,15445,93,0.21476205891874392,0.10903204920686306,0.6762058918743931,975,10.483870967741936,4545.160246034316,10.0,961,14,0.23413111342351717
1.0,5,30.0,1,5.0,0.0,-0.8,15445,93,0.19074134023955971,0.12696665587568792,0.6822920038847523,487,5.236559139784946,2270.2492716089346,100.0,473,14,0.642706131078224
1.0,5,30.0,1,5.0,0.0,-0.7,15445,93,0.18769828423438006,0.12230495305924248,0.6899967627063774,491,5.279569892473118,2288.8960828747167,95.0,477,14,0.6016771488469602
1.0,5,30.0,1,5.0,0.0,-0.6,15445,93,0.1867918420200712,0.11524765296212366,0.6979605050178052,485,5.21505376344086,2260.925865976044,90.0,471,14,0.47558386411889597
1.0,5,30.0,1,5.0,0.0,-0.5,15445,93,0.17041113629006152,0.1254775008093234,0.704111362900615,549,5.903225806451613,2559.274846228553,55.0,472,77,0.3940677966101695
1.0,5,30.0,1,5.0,0.0,-0.4,15445,93,0.1674975720297831,0.11796697960505018,0.7145354483651667,549,5.903225806451613,2559.274846228553,50.0,472,77,0.3411016949152542
1.0,5,30.0,1,5.0,0.0,-0.3,15445,93,0.14302363224344447,0.13616056976367757,0.720815797992878,572,6.150537634408602,2666.4940110067982,45.0,495,77,0.32525252525252524
1.0,5,30.0,1,5.0,0.0,-0.2,15445,93,0.12554224668177405,0.14198769828423438,0.7324700550339915,417,4.483870967741935,1943.9300744577533,70.0,340,77,0.47058823529411764
1.0,5,30.0,1,5.0,0.0,-0.1,15445,93,0.1254775008093234,0.11673680802848818,0.7577856911621884,579,6.225806451612903,2699.1259307219166,30.0,502,77,0.3187250996015936
1.0,5,30.0,1,5.0,0.0,0.0,15445,93,0.12424732923276141,0.06830689543541599,0.8074457753318226,477,5.129032258064516,2223.6322434444805,20.0,403,74,0.3970223325062035
1.0,5,30.0,2,5.0,5.0,-3.0,15445,93,1.0,0.0,0.0,0,0.0,0.0,,0,0,
1.0,5,30.0,2,5.0,5.0,-2.9,15445,93,1.0,0.0,0.0,0,0.0,0.0,,0,0,
1.0,5,30.0,2,5.0,5.0,-2.8,15445,93,1.0,0.0,0.0,0,0.0,0.0,,0,0,
1.0,5,30.0,2,5.0,5.0,-2.7,15445,93,1.0,0.0,0.0,0,0.0,0.0,,0,0,
1.0,5,30.0,2,5.0,5.0,-2.6,15445,93,1.0,0.0,0.0,0,0.0,0.0,,0,0,
1.0,5,30.0,2,5.0,5.0,-2.5,15445,93,1.0,0.0,0.0,0,0.0,0.0,,0,0,
1.0,5,30.0,2,5.0,5.0,-2.4,15445,93,0.9808999676270638,0.019100032372936226,0.0,134,1.4408602150537635,624.6681774036906,25.0,132,2,0.49242424242424243
1.0,5,30.0,2,5.0,5.0,-2.3,15445,93,0.9770799611524765,0.022920038847523472,0.0,137,1.4731182795698925,638.6532858530269,25.0,134,3,0.5
1.0,5,30.0,2,5.0,5.0,-2.2,15445,93,0.9689867270961476,0.03101327290385238,0.0,147,1.5806451612903225,685.2703140174814,40.0,144,3,0.4930555555555556
1.0,5,30.0,2,5.0,5.0,-2.1,15445,93,0.7239235998705082,0.25438653285853025,0.021689867270961477,762,8.193548387096774,3552.2175461314337,20.0,750,12,0.188
1.0,5,30.0,2,5.0,5.0,-2.0,15445,93,0.6910974425380382,0.2826157332470055,0.026286824214956296,376,4.043010752688172,1752.8002589834898,130.0,366,10,0.5437158469945356
1.0,5,30.0,2,5.0,5.0,-1.9,15445,93,0.4366461638070573,0.417740369051473,0.14561346714146972,1276,13.720430107526882,5948.332793784396,25.0,1255,21,0.2254980079681275
1.0,5,30.0,2,5.0,5.0,-1.8,15445,93,0.40401424409193915,0.4136613790870832,0.18232437682097766,568,6.10752688172043,2647.8471997410165,140.0,548,20,0.718978102189781
1.0,5,30.0,2,5.0,5.0,-1.7,15445,93,0.365231466494011,0.33350598899320166,0.30126254451278733,758,8.150537634408602,3533.5707348656524,97.5,735,23,0.5727891156462585
1.0,5,30.0,2,5.0,5.0,-1.6,15445,93,0.3296859825186144,0.3465199093557786,0.323794108125607,482,5.182795698924731,2246.940757526708,120.0,466,16,0.7918454935622318
1.0,5,30.0,2,5.0,5.0,-1.5,15445,93,0.3272903852379411,0.34114600194237615,0.3315636128196827,479,5.150537634408602,2232.9556490773716,120.0,463,16,0.7926565874730022
1.0,5,30.0,2,5.0,5.0,-1.4,15445,93,0.3285205568145031,0.21437358368404014,0.45710585950145677,1365,14.67741935483871,6363.224344448041,15.0,1345,20,0.18587360594795538
1.0,5,30.0,2,5.0,5.0,-1.3,15445,93,0.3193266429265134,0.07238588539980577,0.6082874716736808,1012,10.881720430107526,4717.643250242797,15.0,967,45,0.21923474663908996
1.0,5,30.0,2,5.0,5.0,-1.2,15445,93,0.3136937520233085,0.023567497572029784,0.6627387504046617,499,5.365591397849462,2326.18970540628,80.0,456,43,0.4583333333333333
1.0,5,30.0,2,5.0,5.0,-1.1,15445,93,0.3036581417934607,0.027193266429265135,0.6691485917772741,518,5.56989247311828,2414.762058918744,75.0,475,43,0.44
1.0,5,30.0,2,5.0,5.0,-1.0,15445,93,0.21670443509226286,0.10851408222725802,0.6747814826804791,676,7.268817204301075,3151.3111039171254,30.0,633,43,0.2559241706161137
1.0,5,30.0,2,5.0,5.0,-0.9,15445,93,0.21048883133700227,0.10812560699255422,0.6813855616704435,638,6.860215053763441,2974.166396892198,30.0,608,30,0.2894736842105263
1.0,5,30.0,2,5.0,5.0,-0.8,15445,93,0.19494982194885077,0.12314664940110068,0.6819035286500486,430,4.623655913978495,2004.5322110715442,100.0,402,28,0.6368159203980099
1.0,5,30.0,2,5.0,5.0,-0.7,15445,93,0.19184202007122045,0.11764325024279702,0.6905147296859825,421,4.526881720430108,1962.576885723535,100.0,380,41,0.5947368421052631
1.0,5,30.0,2,5.0,5.0,-0.6,15445,93,0.19080608611201036,0.11052120427322758,0.698672709614762,412,4.43010752688172,1920.621560375526,95.0,372,40,0.44086021505376344
1.0,5,30.0,2,5.0,5.0,-0.5,15445,93,0.17856911621884106,0.11673680802848818,0.7046940757526707,476,5.118279569892473,2218.970540628035,90.0,399,77,0.3208020050125313
1.0,5,30.0,2,5.0,5.0,-0.4,15445,93,0.1757850437034639,0.10922628682421495,0.7149886694723211,481,5.172043010752688,2242.2790547102622,80.0,404,77,0.31435643564356436
1.0,5,30.0,2,5.0,5.0,-0.3,15445,93,0.15059889932016834,0.12819682745224992,0.7212042732275817,481,5.172043010752688,2242.2790547102622,75.0,404,77,0.31435643564356436
1.0,5,30.0,2,5.0,5.0,-0.2,15445,93,0.13389446422790546,0.13493039818711558,0.731175137584979,373,4.010752688172043,1738.8151505341534,70.0,296,77,0.42905405405405406
1.0,5,30.0,2,5.0,5.0,-0.1,15445,93,0.13382971835545485,0.10967950793136938,0.7564907737131757,533,5.731182795698925,2484.687601165426,30.0,457,76,0.2778993435448578
1.0,5,30.0,2,5.0,5.0,0.0,15445,93,0.1327290385237941,0.06539333117513758,0.8018776303010683,433,4.655913978494624,2018.5173195208804,50.0,358,75,0.4441340782122905
1.0,5,30.0,3,5.0,10.0,-3.0,15445,93,1.0,0.0,0.0,0,0.0,0.0,,0,0,
1.0,5,30.0,3,5.0,10.0,-2.9,15445,93,1.0,0.0,0.0,0,0.0,0.0,,0,0,
1.0,5,30.0,3,5.0,10.0,-2.8,15445,93,1.0,0.0,0.0,0,0.0,0.0,,0,0,
1.0,5,30.0,3,5.0,10.0,-2.7,15445,93,1.0,0.0,0.0,0,0.0,0.0,,0,0,
1.0,5,30.0,3,5.0,10.0,-2.6,15445,93,1.0,0.0,0.0,0,0.0,0.0,,0,0,
1.0,5,30.0,3,5.0,10.0,-2.5,15445,93,1.0,0.0,0.0,0,0.0,0.0,,0,0,
1.0,5,30.0,3,5.0,10.0,-2.4,15445,93,0.9808999676270638,0.019100032372936226,0.0,134,1.4408602150537635,624.6681774036906,25.0,132,2,0.49242424242424243
1.0,5,30.0,3,5.0,10.0,-2.3,15445,93,0.9771447070249272,0.022855292975072838,0.0,136,1.4623655913978495,633.9915830365813,32.5,134,2,0.5
1.0,5,30.0,3,5.0,10.0,-2.2,15445,93,0.9687924894787957,0.03120751052120427,0.0,142,1.5268817204301075,661.9617999352541,67.5,140,2,0.5142857142857142
1.0,5,30.0,3,5.0,10.0,-2.1,15445,93,0.6972483004208482,0.2773065717060537,0.02544512787309809,307,3.3010752688172045,1431.1427646487537,130.0,297,10,0.6262626262626263
1.0,5,30.0,3,5.0,10.0,-2.0,15445,93,0.68410488831337,0.2859177727419877,0.02997733894464228,222,2.3870967741935485,1034.8980252508902,195.0,215,7,0.6651162790697674
1.0,5,30.0,3,5.0,10.0,-1.9,15445,93,0.41521528002589836,0.4334736160569764,0.1513111039171253,739,7.946236559139785,3444.9983813531885,85.0,722,17,0.5096952908587258
1.0,5,30.0,3,5.0,10.0,-1.8,15445,93,0.409129168015539,0.4086759469083846,0.1821948850760764,533,5.731182795698925,2484.687601165426,140.0,514,19,0.7120622568093385
1.0,5,30.0,3,5.0,10.0,-1.7,15445,93,0.3745548721269019,0.3246358044674652,0.3008093234056329,693,7.451612903225806,3230.5600517966977,120.0,671,22,0.5394932935916542
1.0,5,30.0,3,5.0,10.0,-1.6,15445,93,0.3310456458400777,0.34541922952411785,0.32353512463580447,475,5.10752688172043,2214.3088378115895,120.0,458,17,0.7991266375545851
1.0,5,30.0,3,5.0,10.0,-1.5,15445,93,0.32865004855940433,0.34011006798316606,0.3312398834574296,473,5.086021505376344,2204.985432178699,120.0,456,17,0.8004385964912281
1.0,5,30.0,3,5.0,10.0,-1.4,15445,93,0.3409517643250243,0.19624473939786338,0.4628034962771123,1227,13.193548387096774,5719.909355778569,20.0,1207,20,0.16652858326429162
1.0,5,30.0,3,5.0,10.0,-1.3,15445,93,0.3318225963094853,0.041372612495953386,0.6268047911945613,711,7.645161290322581,3314.470702492716,25.0,628,83,0.11942675159235669
1.0,5,30.0,3,5.0,10.0,-1.2,15445,93,0.326254451278731,0.0011654257041113628,0.6725801230171576,324,3.4838709677419355,1510.3917125283265,127.5,245,79,0.30612244897959184
1.0,5,30.0,3,5.0,10.0,-1.1,15445,93,0.31770799611524764,0.0029135642602784073,0.679378439624474,323,3.4731182795698925,1505.730009711881,130.0,244,79,0.3114754098360656
1.0,5,30.0,3,5.0,10.0,-1.0,15445,93,0.20595662026545808,0.10074457753318226,0.6932988022013596,323,3.4731182795698925,1505.730009711881,130.0,246,77,0.3170731707317073
1.0,5,30.0,3,5.0,10.0,-0.9,15445,93,0.20407898996438978,0.10074457753318226,0.695176432502428,322,3.4623655913978495,1501.0683068954354,135.0,245,77,0.3183673469387755
1.0,5,30.0,3,5.0,10.0,-0.8,15445,93,0.20323729362253157,0.10935577856911621,0.6874069278083522,322,3.4623655913978495,1501.0683068954354,137.5,245,77,0.6408163265306123
1.0,5,30.0,3,5.0,10.0,-0.7,15445,93,0.20032372936225315,0.10514729685982518,0.6945289737779217,320,3.4408602150537635,1491.7449012625445,145.0,243,77,0.5761316872427984
1.0,5,30.0,3,5.0,10.0,-0.6,15445,93,0.19948203302039494,0.0985432178698608,0.7019747491097442,320,3.4408602150537635,1491.7449012625445,142.5,243,77,0.3168724279835391
1.0,5,30.0,3,5.0,10.0,-0.5,15445,93,0.19119456134671414,0.100615085788281,0.7081903528650049,383,4.118279569892473,1785.432178698608,90.0,306,77,0.25163398692810457
1.0,5,30.0,3,5.0,10.0,-0.4,15445,93,0.18841048883133701,0.09297507283910651,0.7186144383295565,385,4.139784946236559,1794.7555843314988,85.0,309,76,0.24919093851132687
1.0,5,30.0,3,5.0,10.0,-0.3,15445,93,0.16315959857559081,0.11213985108449337,0.7247005503399159,385,4.139784946236559,1794.7555843314988,80.0,309,76,0.24919093851132687
1.0,5,30.0,3,5.0,10.0,-0.2,15445,93,0.1465846552282292,0.12372936225315637,0.7296859825186144,319,3.4301075268817205,1487.083198446099,155.0,242,77,0.3181818181818182
1.0,5,30.0,3,5.0,10.0,-0.1,15445,93,0.14651990935577858,0.09860796374231143,0.75487212690191,480,5.161290322580645,2237.6173518938167,35.0,403,77,0.19106699751861042
1.0,5,30.0,3,5.0,10.0,0.0,15445,93,0.14509550016186468,0.058595014567821305,0.796309485270314,379,4.075268817204301,1766.7853674328262,55.0,303,76,0.5247524752475248
2.0,3,30.0,1,5.0,0.0,-2.0,15457,93,0.6256065213172025,0.1987449052209355,0.17564857346186194,842,9.053763440860216,3922.106488969399,90.0,824,18,0.433252427184466
2.0,3,30.0,2,5.0,5.0,-2.0,15457,93,0.6342110370705829,0.18308856828621337,0.18270039464320373,605,6.505376344086022,2818.1406482499838,95.0,586,19,0.5085324232081911
2.0,3,30.0,3,5.0,10.0,-2.0,15457,93,0.6349226887494339,0.182765090250372,0.1823122210001941,603,6.483870967741935,2808.8244808177524,95.0,585,18,0.5094017094017094
2.0,5,30.0,1,5.0,0.0,-3.0,15457,93,1.0,0.0,0.0,0,0.0,0.0,,0,0,
2.0,5,30.0,1,5.0,0.0,-2.9,15457,93,1.0,0.0,0.0,0,0.0,0.0,,0,0,
2.0,5,30.0,1,5.0,0.0,-2.8,15457,93,1.0,0.0,0.0,0,0.0,0.0,,0,0,
2.0,5,30.0,1,5.0,0.0,-2.7,15457,93,1.0,0.0,0.0,0,0.0,0.0,,0,0,
2.0,5,30.0,1,5.0,0.0,-2.6,15457,93,1.0,0.0,0.0,0,0.0,0.0,,0,0,
2.0,5,30.0,1,5.0,0.0,-2.5,15457,93,1.0,0.0,0.0,0,0.0,0.0,,0,0,
2.0,5,30.0,1,5.0,0.0,-2.4,15457,93,1.0,0.0,0.0,0,0.0,0.0,,0,0,
2.0,5,30.0,1,5.0,0.0,-2.3,15457,93,0.9796855793491622,0.020314420650837807,0.0,137,1.4731182795698925,638.1574691078476,25.0,134,3,0.5
2.0,5,30.0,1,5.0,0.0,-2.2,15457,93,0.9698518470595846,0.030148152940415347,0.0,141,1.5161290322580645,656.7898039723103,45.0,138,3,0.5072463768115942
2.0,5,30.0,1,5.0,0.0,-2.1,15457,93,0.8514588859416445,0.14744128873649479,0.0010998253218606456,151,1.6236559139784945,703.3706411334671,160.0,147,4,0.9659863945578231
2.0,5,30.0,1,5.0,0.0,-2.0,15457,93,0.6957365594876108,0.2829785857540273,0.021284854758361907,439,4.720430107526882,2044.8987513747816,70.0,432,7,0.5
2.0,5,30.0,1,5.0,0.0,-1.9,15457,93,0.5749498609044446,0.3080157857281491,0.11703435336740635,448,4.817204301075269,2086.8215048198226,80.0,436,12,0.46788990825688076
2.0,5,30.0,1,5.0,0.0,-1.8,15457,93,0.4020831985508184,0.41689849259235295,0.18101830885682862,619,6.655913978494624,2883.3538202756035,130.0,601,18,0.7321131447587355
2.0,5,30.0,1,5.0,0.0,-1.7,15457,93,0.39768389726337583,0.303745875655043,0.29857022708158115,624,6.709677419354839,2906.6442388561813,125.0,605,19,0.7239669421487603
2.0,5,30.0,1,5.0,0.0,-1.6,15457,93,0.32936533609367924,0.34269263117034354,0.3279420327359772,549,5.903225806451613,2557.287960147506,120.0,534,15,0.6947565543071161
2.0,5,30.0,1,5.0,0.0,-1.5,15457,93,0.3291712492721744,0.3386815035259106,0.33214724720191496,550,5.913978494623656,2561.9460438636215,117.5,535,15,0.6953271028037383
2.0,5,30.0,1,5.0,0.0,-1.4,15457,93,0.3253542084492463,0.32949472730801577,0.3451510642427379,649,6.978494623655914,3023.0963317590736,80.0,634,15,0.5851735015772871
2.0,5,30.0,1,5.0,0.0,-1.3,15457,93,0.31513230251665914,0.14317137866338875,0.5416963188199522,814,8.75268817204301,3791.6801449181603,30.0,796,18,0.4623115577889447
2.0,5,30.0,1,5.0,0.0,-1.2,15457,93,0.31028013197903864,0.12479782622759915,0.5649220417933623,654,7.032258064516129,3046.3867503396523,80.0,637,17,0.5777080062794349
2.0,5,30.0,1,5.0,0.0,-1.1,15457,93,0.30575143947725947,0.034418063013521384,0.6598304975092191,651,7.0,3032.412499191305,10.0,637,14,0.478806907378336
2.0,5,30.0,1,5.0,0.0,-1.0,15457,93,0.29578831597334543,0.03584136637122339,0.6683703176554312,650,6.989247311827957,3027.754415475189,10.0,637,13,0.4803767660910518
2.0,5,30.0,1,5.0,0.0,-0.9,15457,93,0.291906579543249,0.03571197515688685,0.6723814452998641,648,6.967741935483871,3018.4382480429576,10.0,634,14,0.4810725552050473
2.0,5,30.0,1,5.0,0.0,-0.8,15457,93,0.19363395225464192,0.12473313062043087,0.6816329171249272,486,5.225806451612903,2263.8286860322182,100.0,471,15,0.6411889596602972
2.0,5,30.0,1,5.0,0.0,-0.7,15457,93,0.1894934333958724,0.12259817558387785,0.6879083910202497,482,5.182795698924731,2245.196351167756,100.0,467,15,0.6466809421841542
2.0,5,30.0,1,5.0,0.0,-0.6,15457,93,0.18936404218153588,0.11612861486705053,0.6945073429514136,483,5.193548387096774,2249.8544348838714,90.0,468,15,0.47649572649572647
2.0,5,30.0,1,5.0,0.0,-0.5,15457,93,0.18755256518082422,0.11405835543766578,0.69838907938151,484,5.204301075268817,2254.5125185999873,90.0,470,14,0.4787234042553192
2.0,5,30.0,1,5.0,0.0,-0.4,15457,93,0.16684997088697678,0.11858704793944491,0.7145629811735783,542,5.827956989247312,2524.6813741346964,50.0,465,77,0.34408602150537637
2.0,5,30.0,1,5.0,0.0,-0.3,15457,93,0.13754286083974898,0.14174807530568675,0.7207090638545642,537,5.774193548387097,2501.3909555541177,55.0,460,77,0.34782608695652173
2.0,5,30.0,1,5.0,0.0,-0.2,15457,93,0.13747816523258072,0.13974251148347028,0.722779323283949,538,5.78494623655914,2506.0490392702336,55.0,461,77,0.3470715835140998
2.0,5,30.0,1,5.0,0.0,-0.1,15457,93,0.13747816523258072,0.13760755644691725,0.724914278320502,538,5.78494623655914,2506.0490392702336,55.0,461,77,0.3470715835140998
2.0,5,30.0,1,5.0,0.0,0.0,15457,93,0.12525069547777706,0.07595264281555282,0.7987966617066701,477,5.129032258064516,2221.9059325871776,30.0,403,74,0.3970223325062035
2.0,5,30.0,2,5.0,5.0,-3.0,15457,93,1.0,0.0,0.0,0,0.0,0.0,,0,0,
2.0,5,30.0,2,5.0,5.0,-2.9,15457,93,1.0,0.0,0.0,0,0.0,0.0,,0,0,
2.0,5,30.0,2,5.0,5.0,-2.8,15457,93,1.0,0.0,0.0,0,0.0,0.0,,0,0,
2.0,5,30.0,2,5.0,5.0,-2.7,15457,93,1.0,0.0,0.0,0,0.0,0.0,,0,0,
2.0,5,30.0,2,5.0,5.0,-2.6,15457,93,1.0,0.0,0.0,0,0.0,0.0,,0,0,
2.0,5,30.0,2,5.0,5.0,-2.5,15457,93,1.0,0.0,0.0,0,0.0,0.0,,0,0,
2.0,5,30.0,2,5.0,5.0,-2.4,15457,93,1.0,0.0,0.0,0,0.0,0.0,,0,0,
2.0,5,30.0,2,5.0,5.0,-2.3,15457,93,0.9797502749563305,0.020249725043669536,0.0,136,1.4623655913978495,633.4993853917318,35.0,134,2,0.5
2.0,5,30.0,2,5.0,5.0,-2.2,15457,93,0.969916542666753,0.030083457333247073,0.0,141,1.5161290322580645,656.7898039723103,40.0,138,3,0.5072463768115942
2.0,5,30.0,2,5.0,5.0,-2.1,15457,93,0.8518470595846542,0.14698841948631688,0.001164520929028919,149,1.6021505376344085,694.0544737012357,160.0,144,5,0.9791666666666666
2.0,5,30.0,2,5.0,5.0,-2.0,15457,93,0.6964482111664618,0.2804554570744646,0.02309633175907356,408,4.387096774193548,1900.4981561751958,130.0,400,8,0.535
2.0,5,30.0,2,5.0,5.0,-1.9,15457,93,0.5780552500485217,0.30491039658407193,0.11703435336740635,410,4.408602150537634,1909.814323607427,85.0,397,13,0.5088161209068011
2.0,5,30.0,2,5.0,5.0,-1.8,15457,93,0.40557676133790516,0.41353432101960275,0.18088891764249207,580,6.236559139784946,2701.688555347092,140.0,560,20,0.7285714285714285
2.0,5,30.0,2,5.0,5.0,-1.7,15457,93,0.40124215565763083,0.3006404865109659,0.29811735783140325,584,6.279569892473118,2720.3208902115543,150.0,563,21,0.7211367673179396
2.0,5,30.0,2,5.0,5.0,-1.6,15457,93,0.33111211748722263,0.3434689784563628,0.32541890405641455,472,5.075268817204301,2198.615514006599,120.0,456,16,0.8070175438596491
2.0,5,30.0,2,5.0,5.0,-1.5,15457,93,0.3309180306657178,0.3393931552047616,0.3296888141295206,472,5.075268817204301,2198.615514006599,120.0,456,16,0.8092105263157895
2.0,5,30.0,2,5.0,5.0,-1.4,15457,93,0.3270362942356214,0.3313708999158957,0.3415928058484829,487,5.236559139784946,2268.486769748334,115.0,469,18,0.7484008528784648
2.0,5,30.0,2,5.0,5.0,-1.3,15457,93,0.321019602768972,0.13579607944620561,0.5431843177848225,698,7.505376344086022,3251.3424338487416,70.0,677,21,0.44165435745937964
2.0,5,30.0,2,5.0,5.0,-1.2,15457,93,0.3162321278385198,0.11748722261758426,0.566280649543896,542,5.827956989247312,2524.6813741346964,105.0,521,21,0.5700575815738963
2.0,5,30.0,2,5.0,5.0,-1.1,15457,93,0.3118328265510772,0.025554764831467944,0.6626124086174549,514,5.526881720430108,2394.2550300834573,75.0,473,41,0.44608879492600423
2.0,5,30.0,2,5.0,5.0,-1.0,15457,93,0.30180500743999483,0.02704276379633823,0.671152228763667,513,5.516129032258065,2389.596946367342,75.0,472,41,0.4491525423728814
2.0,5,30.0,2,5.0,5.0,-0.9,15457,93,0.2979232710098984,0.02704276379633823,0.6750339651937634,513,5.516129032258065,2389.596946367342,75.0,471,42,0.445859872611465
2.0,5,30.0,2,5.0,5.0,-0.8,15457,93,0.19783916672057966,0.12013974251148347,0.6820210907679368,416,4.473118279569892,1937.762825904121,100.0,376,40,0.6462765957446809
2.0,5,30.0,2,5.0,5.0,-0.7,15457,93,0.19369864786181018,0.11806948308209872,0.6882318690560911,414,4.451612903225806,1928.4466584718898,100.0,372,42,0.6505376344086021
2.0,5,30.0,2,5.0,5.0,-0.6,15457,93,0.1934398654331371,0.11153522675810312,0.6950249078087598,412,4.43010752688172,1919.1304910396584,95.0,370,42,0.44054054054054054
2.0,5,30.0,2,5.0,5.0,-0.5,15457,93,0.19162838843242544,0.10946496732871838,0.6989066442388562,413,4.440860215053763,1923.788574755774,90.0,374,39,0.44385026737967914
2.0,5,30.0,2,5.0,5.0,-0.4,15457,93,0.17506631299734748,0.1099178365788963,0.7150158504237563,475,5.10752688172043,2212.589765154946,80.0,398,77,0.31909547738693467
2.0,5,30.0,2,5.0,5.0,-0.3,15457,93,0.14575920295011968,0.13320825515947468,0.7210325418904057,472,5.075268817204301,2198.615514006599,75.0,396,76,0.3207070707070707
2.0,5,30.0,2,5.0,5.0,-0.2,15457,93,0.14569450734295142,0.13113799573008994,0.7231674969269587,472,5.075268817204301,2198.615514006599,75.0,396,76,0.3207070707070707
2.0,5,30.0,2,5.0,5.0,-0.1,15457,93,0.14569450734295142,0.1290030406935369,0.7253024519635117,472,5.075268817204301,2198.615514006599,70.0,396,76,0.3207070707070707
2.0,5,30.0,2,5.0,5.0,0.0,15457,93,0.13366112440965258,0.0731060361001488,0.7932328394901986,433,4.655913978494624,2016.9502490780874,45.0,358,75,0.4441340782122905
2.0,5,30.0,3,5.0,10.0,-3.0,15457,93,1.0,0.0,0.0,0,0.0,0.0,,0,0,
2.0,5,30.0,3,5.0,10.0,-2.9,15457,93,1.0,0.0,0.0,0,0.0,0.0,,0,0,
2.0,5,30.0,3,5.0,10.0,-2.8,15457,93,1.0,0.0,0.0,0,0.0,0.0,,0,0,
2.0,5,30.0,3,5.0,10.0,-2.7,15457,93,1.0,0.0,0.0,0,0.0,0.0,,0,0,
2.0,5,30.0,3,5.0,10.0,-2.6,15457,93,1.0,0.0,0.0,0,0.0,0.0,,0,0,
2.0,5,30.0,3,5.0,10.0,-2.5,15457,93,1.0,0.0,0.0,0,0.0,0.0,,0,0,
2.0,5,30.0,3,5.0,10.0,-2.4,15457,93,1.0,0.0,0.0,0,0.0,0.0,,0,0,
2.0,5,30.0,3,5.0,10.0,-2.3,15457,93,0.9797502749563305,0.020249725043669536,0.0,136,1.4623655913978495,633.4993853917318,32.5,134,2,0.5
2.0,5,30.0,3,5.0,10.0,-2.2,15457,93,0.9699812382739212,0.0300187617260788,0.0,140,1.5053763440860215,652.1317202561945,52.5,138,2,0.5072463768115942
2.0,5,30.0,3,5.0,10.0,-2.1,15457,93,0.8521705376204955,0.1466649414504755,0.001164520929028919,147,1.5806451612903225,684.7383062690044,160.0,144,3,0.9791666666666666
2.0,5,30.0,3,5.0,10.0,-2.0,15457,93,0.6879083910202497,0.2838196286472148,0.02827198033253542,222,2.3870967741935485,1034.09458497768,195.0,215,7,0.6651162790697674
2.0,5,30.0,3,5.0,10.0,-1.9,15457,93,0.5849129844083587,0.29831144465290804,0.11677557093873327,363,3.903225806451613,1690.8843889499901,85.0,351,12,0.5754985754985755
2.0,5,30.0,3,5.0,10.0,-1.8,15457,93,0.41275797373358347,0.40674128226693407,0.18050074399948243,532,5.720430107526882,2478.1005369735394,140.0,514,18,0.7101167315175098
2.0,5,30.0,3,5.0,10.0,-1.7,15457,93,0.4084233680533092,0.2939121433654655,0.29766448858122535,535,5.752688172043011,2492.0747881218867,155.0,515,20,0.7029126213592233
2.0,5,30.0,3,5.0,10.0,-1.6,15457,93,0.33247072523775634,0.34282202238468007,0.32470725237756354,472,5.075268817204301,2198.615514006599,120.0,454,18,0.8061674008810573
2.0,5,30.0,3,5.0,10.0,-1.5,15457,93,0.33227663841625155,0.33874619913307885,0.3289771624506696,472,5.075268817204301,2198.615514006599,120.0,454,18,0.8083700440528634
2.0,5,30.0,3,5.0,10.0,-1.4,15457,93,0.3283949019861551,0.3338293329882901,0.3377757650255548,469,5.043010752688172,2184.641262858252,115.0,453,16,0.8101545253863135
2.0,5,30.0,3,5.0,10.0,-1.3,15457,93,0.3354467231674969,0.11586983243837744,0.5486834443941256,545,5.860215053763441,2538.6556252830433,115.0,525,20,0.38095238095238093
2.0,5,30.0,3,5.0,10.0,-1.2,15457,93,0.3304651614155399,0.09775506243126092,0.5717797761531992,388,4.172043010752688,1807.3364818528821,115.0,367,21,0.5449591280653951
2.0,5,30.0,3,5.0,10.0,-1.1,15457,93,0.3260658601280973,0.001164520929028919,0.6727696189428738,322,3.4623655913978495,1499.9029565892474,135.0,243,79,0.30864197530864196
2.0,5,30.0,3,5.0,10.0,-1.0,15457,93,0.3159733454098467,0.002846606715404024,0.6811800478747493,323,3.4731182795698925,1504.5610403053631,130.0,244,79,0.3114754098360656
2.0,5,30.0,3,5.0,10.0,-0.9,15457,93,0.3119622177654137,0.002846606715404024,0.6851911755191823,322,3.4623655913978495,1499.9029565892474,135.0,243,79,0.31275720164609055
2.0,5,30.0,3,5.0,10.0,-0.8,15457,93,0.20618490004528692,0.10804166397101637,0.6857734359836967,322,3.4623655913978495,1499.9029565892474,137.5,245,77,0.636734693877551
2.0,5,30.0,3,5.0,10.0,-0.7,15457,93,0.20204438118651744,0.10610079575596817,0.6918548230575144,320,3.4408602150537635,1490.5867891570163,145.0,243,77,0.6419753086419753
2.0,5,30.0,3,5.0,10.0,-0.6,15457,93,0.20197968557934917,0.09956653943197256,0.6984537749886782,320,3.4408602150537635,1490.5867891570163,142.5,243,77,0.3168724279835391
2.0,5,30.0,3,5.0,10.0,-0.5,15457,93,0.2001682085786375,0.09736688878825128,0.7024649026331112,320,3.4408602150537635,1490.5867891570163,147.5,243,77,0.3168724279835391
2.0,5,30.0,3,5.0,10.0,-0.4,15457,93,0.18768195639516078,0.09380863039399624,0.7185094132108429,381,4.096774193548387,1774.7298958400725,85.0,305,76,0.25245901639344265
2.0,5,30.0,3,5.0,10.0,-0.3,15457,93,0.15365206702464904,0.11722844018891117,0.7291194927864398,344,3.6989247311827955,1602.3807983437925,80.0,268,76,0.2873134328358209
2.0,5,30.0,3,5.0,10.0,-0.2,15457,93,0.15358737141748074,0.11515818075952643,0.7312544478229929,344,3.6989247311827955,1602.3807983437925,80.0,268,76,0.2873134328358209
2.0,5,30.0,3,5.0,10.0,-0.1,15457,93,0.15358737141748074,0.11302322572297341,0.7333894028595458,343,3.6881720430107525,1597.7227146276769,75.0,267,76,0.2883895131086142
2.0,5,30.0,3,5.0,10.0,0.0,15457,93,0.14614737659312932,0.06611891052597528,0.7877337128808954,378,4.064516129032258,1760.7556446917256,45.0,302,76,0.5264900662251656
2.0,7,30.0,1,5.0,0.0,-2.0,15457,93,0.6316879083910203,0.3184317784822411,0.04988031312673869,300,3.225806451612903,1397.4251148347028,165.0,291,9,0.7319587628865979
2.0,7,30.0,2,5.0,5.0,-2.0,15457,93,0.6324642556770396,0.31765543119622175,0.04988031312673869,298,3.204301075268817,1388.1089474024714,165.0,289,9,0.7370242214532872
2.0,7,30.0,3,5.0,10.0,-2.0,15457,93,0.6332406029630588,0.31700847512453906,0.04975092191240215,294,3.161290322580645,1369.4766125380088,165.0,285,9,0.7403508771929824
5.0,5,30.0,1,5.0,0.0,-3.0,15445,93,1.0,0.0,0.0,0,0.0,0.0,,0,0,
5.0,5,30.0,1,5.0,0.0,-2.9,15445,93,1.0,0.0,0.0,0,0.0,0.0,,0,0,
5.0,5,30.0,1,5.0,0.0,-2.8,15445,93,1.0,0.0,0.0,0,0.0,0.0,,0,0,
5.0,5,30.0,1,5.0,0.0,-2.7,15445,93,1.0,0.0,0.0,0,0.0,0.0,,0,0,
5.0,5,30.0,1,5.0,0.0,-2.6,15445,93,1.0,0.0,0.0,0,0.0,0.0,,0,0,
5.0,5,30.0,1,5.0,0.0,-2.5,15445,93,0.994561346714147,0.005438653285853027,0.0,28,0.3010752688172043,130.52767886047263,37.5,27,1,0.48148148148148145
5.0,5,30.0,1,5.0,0.0,-2.4,15445,93,0.9703463904176108,0.029653609582389124,0.0,461,4.956989247311828,2149.0449983813533,35.0,456,5,0.43640350877192985
5.0,5,30.0,1,5.0,0.0,-2.3,15445,93,0.9350598899320168,0.06494011006798317,0.0,547,5.881720430107527,2549.951440595662,35.0,542,5,0.2915129151291513
5.0,5,30.0,1,5.0,0.0,-2.2,15445,93,0.8573648429912593,0.1381029459371965,0.004532211071544189,1159,12.46236559139785,5402.913564260278,25.0,1146,13,0.2643979057591623
5.0,5,30.0,1,5.0,0.0,-2.1,15445,93,0.673939786338621,0.3149239235998705,0.01113629006150858,1170,12.580645161290322,5454.192295241179,25.0,1153,17,0.24978317432784042
5.0,5,30.0,1,5.0,0.0,-2.0,15445,93,0.5746196179993526,0.35636128196827455,0.06901910003237294,1197,12.870967741935484,5580.058271285206,30.0,1180,17,0.21694915254237288
5.0,5,30.0,1,5.0,0.0,-1.9,15445,93,0.46701197798640337,0.37565555195856265,0.15733247005503398,1153,12.397849462365592,5374.943347361605,35.0,1132,21,0.20229681978798586
5.0,5,30.0,1,5.0,0.0,-1.8,15445,93,0.4080932340563289,0.37630301068306893,0.21560375526060213,1109,11.924731182795698,5169.828423438005,40.0,1089,20,0.32323232323232326
5.0,5,30.0,1,5.0,0.0,-1.7,15445,93,0.35021042408546454,0.35066364519261894,0.29912593072191646,811,8.720430107526882,3780.640984137261,75.0,792,19,0.4684343434343434
5.0,5,30.0,1,5.0,0.0,-1.6,15445,93,0.3145354483651667,0.34904499838135317,0.3364195532534801,967,10.397849462365592,4507.866623502751,55.0,947,20,0.3727560718057022
5.0,5,30.0,1,5.0,0.0,-1.5,15445,93,0.3089673033344124,0.31395273551311104,0.37707996115247655,1233,13.258064516129032,5747.879572677241,25.0,1214,19,0.21911037891268534
5.0,5,30.0,1,5.0,0.0,-1.4,15445,93,0.30482356749757206,0.23567497572029783,0.4595014567821301,1588,17.0752688172043,7402.784072515377,15.0,1570,18,0.14140127388535031
5.0,5,30.0,1,5.0,0.0,-1.3,15445,93,0.2743930074457753,0.15946908384590483,0.5661379087083198,1548,16.64516129032258,7216.3159598575585,20.0,1530,18,0.11437908496732026
5.0,5,30.0,1,5.0,0.0,-1.2,15445,93,0.2685658789252185,0.10229847847199741,0.6291356426027841,1242,13.35483870967742,5789.834898025251,20.0,1224,18,0.2099673202614379
5.0,5,30.0,1,5.0,0.0,-1.1,15445,93,0.24176108773065716,0.10838459048235675,0.6498543217869861,1010,10.86021505376344,4708.319844609906,25.0,992,18,0.22580645161290322
5.0,5,30.0,1,5.0,0.0,-1.0,15445,93,0.22065393331175137,0.11239883457429589,0.6669472321139527,768,8.258064516129032,3580.1877630301065,30.0,750,18,0.2986666666666667
5.0,5,30.0,1,5.0,0.0,-0.9,15445,93,0.21890579475558433,0.09867270961476206,0.6824214956296536,687,7.387096774193548,3202.589834898025,30.0,673,14,0.3328380386329866
5.0,5,30.0,1,5.0,0.0,-0.8,15445,93,0.20142440919391388,0.10793136937520233,0.6906442214308838,587,6.311827956989247,2736.4195532534804,65.0,573,14,0.41710296684118675
5.0,5,30.0,1,5.0,0.0,-0.7,15445,93,0.18232437682097766,0.12042732275817417,0.6972483004208482,535,5.752688172043011,2494.011006798317,70.0,497,38,0.4024144869215292
5.0,5,30.0,1,5.0,0.0,-0.6,15445,93,0.1796697960505018,0.11544189057947556,0.7048883133700227,587,6.311827956989247,2736.4195532534804,45.0,523,64,0.3326959847036329
5.0,5,30.0,1,5.0,0.0,-0.5,15445,93,0.17500809323405633,0.11608934930398188,0.7089025574619618,636,6.838709677419355,2964.8429912593074,25.0,560,76,0.2892857142857143
5.0,5,30.0,1,5.0,0.0,-0.4,15445,93,0.16257688572353513,0.11472968598251862,0.7226934282939462,684,7.354838709677419,3188.604726448689,20.0,608,76,0.26644736842105265
5.0,5,30.0,1,5.0,0.0,-0.3,15445,93,0.14995144059566204,0.12314664940110068,0.7269019100032373,669,7.193548387096774,3118.6791842020075,25.0,592,77,0.2719594594594595
5.0,5,30.0,1,5.0,0.0,-0.2,15445,93,0.13182259630948526,0.11382324376820978,0.7543541599223049,726,7.806451612903226,3384.396244739398,15.0,649,77,0.2465331278890601
5.0,5,30.0,1,5.0,0.0,-0.1,15445,93,0.13175785043703464,0.10236322434444804,0.7658789252185173,694,7.462365591397849,3235.2217546131437,15.0,617,77,0.2593192868719611
5.0,5,30.0,1,5.0,0.0,0.0,15445,93,0.12198122369698931,0.08099708643573972,0.797021689867271,636,6.838709677419355,2964.8429912593074,15.0,560,76,0.2857142857142857
5.0,5,30.0,2,5.0,5.0,-3.0,15445,93,1.0,0.0,0.0,0,0.0,0.0,,0,0,
5.0,5,30.0,2,5.0,5.0,-2.9,15445,93,1.0,0.0,0.0,0,0.0,0.0,,0,0,
5.0,5,30.0,2,5.0,5.0,-2.8,15445,93,1.0,0.0,0.0,0,0.0,0.0,,0,0,
5.0,5,30.0,2,5.0,5.0,-2.7,15445,93,1.0,0.0,0.0,0,0.0,0.0,,0,0,
5.0,5,30.0,2,5.0,5.0,-2.6,15445,93,1.0,0.0,0.0,0,0.0,0.0,,0,0,
5.0,5,30.0,2,5.0,5.0,-2.5,15445,93,0.994561346714147,0.005438653285853027,0.0,28,0.3010752688172043,130.52767886047263,35.0,27,1,0.48148148148148145
5.0,5,30.0,2,5.0,5.0,-2.4,15445,93,0.9827128520556815,0.01728714794431855,0.0,81,0.8709677419354839,377.5979281320816,35.0,79,2,0.4936708860759494
5.0,5,30.0,2,5.0,5.0,-2.3,15445,93,0.9465846552282292,0.0534153447717708,0.0,193,2.075268817204301,899.7086435739722,65.0,191,2,0.4973821989528796
5.0,5,30.0,2,5.0,5.0,-2.2,15445,93,0.8813208157979929,0.11414697313046293,0.004532211071544189,417,4.483870967741935,1943.9300744577533,40.0,409,8,0.3569682151589242
5.0,5,30.0,2,5.0,5.0,-2.1,15445,93,0.6907737131757851,0.29808999676270637,0.01113629006150858,666,7.161290322580645,3104.6940757526704,35.0,654,12,0.24617737003058104
5.0,5,30.0,2,5.0,5.0,-2.0,15445,93,0.5871155713823244,0.3449012625445128,0.06798316607316283,810,8.709677419354838,3775.979281320816,40.0,794,16,0.3123425692695214
5.0,5,30.0,2,5.0,5.0,-1.9,15445,93,0.4703787633538362,0.3715765619941729,0.15804467465199093,1072,11.526881720430108,4997.345419229525,35.0,1051,21,0.21693625118934348
5.0,5,30.0,2,5.0,5.0,-1.8,15445,93,0.41379087083198446,0.3707996115247653,0.21540951764325025,984,10.580645161290322,4587.115571382325,45.0,965,19,0.34818652849740933
5.0,5,30.0,2,5.0,5.0,-1.7,15445,93,0.35577856911621886,0.34516024603431533,0.29906118484946587,716,7.698924731182796,3337.7792165749433,80.0,696,20,0.48419540229885055
5.0,5,30.0,2,5.0,5.0,-1.6,15445,93,0.31939138879896406,0.34859177727419877,0.3320168339268372,732,7.870967741935484,3412.3664616380706,70.0,710,22,0.4915492957746479
5.0,5,30.0,2,5.0,5.0,-1.5,15445,93,0.3171900291356426,0.31006798316607315,0.37274198769828426,894,9.612903225806452,4167.562317902234,55.0,875,19,0.29828571428571427
5.0,5,30.0,2,5.0,5.0,-1.4,15445,93,0.3130462932988022,0.23094852703140176,0.45600517966979603,1278,13.741935483870968,5957.656199417287,25.0,1258,20,0.17329093799682035
5.0,5,30.0,2,5.0,5.0,-1.3,15445,93,0.2836516672062156,0.15085788280997087,0.5654904499838135,1314,14.129032258064516,6125.477500809324,25.0,1294,20,0.1561051004636785
5.0,5,30.0,2,5.0,5.0,-1.2,15445,93,0.2745224991906766,0.0943994820330204,0.631078018776303,891,9.580645161290322,4153.5772094528975,25.0,871,20,0.32606199770378874
5.0,5,30.0,2,5.0,5.0,-1.1,15445,93,0.24584007769504695,0.10527678860472645,0.6488831337002267,832,8.946236559139784,3878.5367432826156,35.0,812,20,0.3091133004926108
5.0,5,30.0,2,5.0,5.0,-1.0,15445,93,0.22466817740369052,0.10935577856911621,0.6659760440271932,724,7.78494623655914,3375.0728391065068,35.0,704,20,0.31107954545454547
5.0,5,30.0,2,5.0,5.0,-0.9,15445,93,0.22292003884752348,0.09569439948203302,0.6813855616704435,643,6.913978494623656,2997.4749109744253,35.0,626,17,0.3498402555910543
5.0,5,30.0,2,5.0,5.0,-0.8,15445,93,0.20440271932664292,0.10534153447717708,0.69025574619618,549,5.903225806451613,2559.274846228553,65.0,521,28,0.42994241842610365
5.0,5,30.0,2,5.0,5.0,-0.7,15445,93,0.18575590806086112,0.11816121722240207,0.6960828747167368,478,5.139784946236559,2228.293946260926,90.0,462,16,0.47835497835497837
5.0,5,30.0,2,5.0,5.0,-0.6,15445,93,0.18478471997410165,0.11149239235998705,0.7037228876659113,478,5.139784946236559,2228.293946260926,85.0,462,16,0.47835497835497837
5.0,5,30.0,2,5.0,5.0,-0.5,15445,93,0.1818064098413726,0.11052120427322758,0.7076723858853998,478,5.139784946236559,2228.293946260926,85.0,462,16,0.47835497835497837
5.0,5,30.0,2,5.0,5.0,-0.4,15445,93,0.16866299773389445,0.10987374554872127,0.7214632567173843,576,6.193548387096774,2685.14082227258,45.0,524,52,0.3511450381679389
5.0,5,30.0,2,5.0,5.0,-0.3,15445,93,0.15519585626416316,0.11913240530916154,0.7256717384266753,613,6.591397849462366,2857.6238264810618,25.0,537,76,0.297951582867784
5.0,5,30.0,2,5.0,5.0,-0.2,15445,93,0.1370670119779864,0.10987374554872127,0.7530592424732924,717,7.709677419354839,3342.440919391389,15.0,641,76,0.24960998439937598
5.0,5,30.0,2,5.0,5.0,-0.1,15445,93,0.13700226610553576,0.09634185820653933,0.7666558756879249,621,6.67741935483871,2894.9174490126256,15.0,545,76,0.29357798165137616
5.0,5,30.0,2,5.0,5.0,0.0,15445,93,0.12806733570734866,0.07400453221107155,0.7979281320815798,530,5.698924731182796,2470.7024927160896,20.0,456,74,0.3508771929824561
5.0,5,30.0,3,5.0,10.0,-3.0,15445,93,1.0,0.0,0.0,0,0.0,0.0,,0,0,
5.0,5,30.0,3,5.0,10.0,-2.9,15445,93,1.0,0.0,0.0,0,0.0,0.0,,0,0,
5.0,5,30.0,3,5.0,10.0,-2.8,15445,93,1.0,0.0,0.0,0,0.0,0.0,,0,0,
5.0,5,30.0,3,5.0,10.0,-2.7,15445,93,1.0,0.0,0.0,0,0.0,0.0,,0,0,
5.0,5,30.0,3,5.0,10.0,-2.6,15445,93,1.0,0.0,0.0,0,0.0,0.0,,0,0,
5.0,5,30.0,3,5.0,10.0,-2.5,15445,93,0.994561346714147,0.005438653285853027,0.0,28,0.3010752688172043,130.52767886047263,32.5,27,1,0.48148148148148145
5.0,5,30.0,3,5.0,10.0,-2.4,15445,93,0.9827775979281321,0.01722240207186792,0.0,80,0.8602150537634409,372.93622531563614,35.0,79,1,0.4936708860759494
5.0,5,30.0,3,5.0,10.0,-2.3,15445,93,0.9466494011006799,0.053350598899320166,0.0,192,2.064516129032258,895.0469407575266,65.0,191,1,0.4973821989528796
5.0,5,30.0,3,5.0,10.0,-2.2,15445,93,0.8834574295888638,0.11026222078342506,0.006280349627711233,385,4.139784946236559,1794.7555843314988,40.0,377,8,0.38726790450928383
5.0,5,30.0,3,5.0,10.0,-2.1,15445,93,0.6880543865328586,0.2980252508902557,0.013920362576885724,572,6.150537634408602,2666.4940110067982,40.0,561,11,0.26916221033868093
5.0,5,30.0,3,5.0,10.0,-2.0,15445,93,0.5923599870508255,0.33493039818711556,0.07270961476205892,735,7.903225806451613,3426.351570087407,40.0,720,15,0.3263888888888889
5.0,5,30.0,3,5.0,10.0,-1.9,15445,93,0.4797669148591777,0.36257688572353514,0.15765619941728715,1000,10.75268817204301,4661.702816445451,40.0,979,21,0.23391215526046988
5.0,5,30.0,3,5.0,10.0,-1.8,15445,93,0.4229200388475235,0.36283586921333766,0.21424409193913888,914,9.827956989247312,4260.796374231143,50.0,894,20,0.3143176733780761
5.0,5,30.0,3,5.0,10.0,-1.7,15445,93,0.3570087406927808,0.34516024603431533,0.29783101327290384,707,7.602150537634409,3295.8238912269344,80.0,687,20,0.49199417758369723
5.0,5,30.0,3,5.0,10.0,-1.6,15445,93,0.3207510521204273,0.34820330203949496,0.3310456458400777,726,7.806451612903226,3384.396244739398,70.0,704,22,0.4943181818181818
5.0,5,30.0,3,5.0,10.0,-1.5,15445,93,0.31867918420200714,0.3135642602784072,0.36775655551958564,825,8.870967741935484,3845.9048235674977,60.0,805,20,0.3242236024844721
5.0,5,30.0,3,5.0,10.0,-1.4,15445,93,0.3175785043703464,0.21735189381676917,0.4650696018128844,1095,11.774193548387096,5104.56458400777,25.0,1073,22,0.1724137931034483
5.0,5,30.0,3,5.0,10.0,-1.3,15445,93,0.2895435415992231,0.11544189057947556,0.5950145678213014,931,10.010752688172044,4340.0453221107155,35.0,898,33,0.17371937639198218
5.0,5,30.0,3,5.0,10.0,-1.2,15445,93,0.2904499838135319,0.058141793460666884,0.6514082227258012,623,6.698924731182796,2904.2408546455167,50.0,578,45,0.24740484429065743
5.0,5,30.0,3,5.0,10.0,-1.1,15445,93,0.2608611201035934,0.0755584331498867,0.66358044674652,614,6.602150537634409,2862.2855292975073,45.0,556,58,0.23381294964028776
5.0,5,30.0,3,5.0,10.0,-1.0,15445,93,0.23761735189381678,0.08960828747167368,0.6727743606345096,549,5.903225806451613,2559.274846228553,60.0,480,69,0.18125
5.0,5,30.0,3,5.0,10.0,-0.9,15445,93,0.23593395921010035,0.07193266429265134,0.6921333764972483,452,4.860215053763441,2107.0896730333443,65.0,374,78,0.20053475935828877
5.0,5,30.0,3,5.0,10.0,-0.8,15445,93,0.21748138556167043,0.08533505988993202,0.6971835545483975,389,4.182795698924731,1813.4023955972807,95.0,312,77,0.2980769230769231
5.0,5,30.0,3,5.0,10.0,-0.7,15445,93,0.19883457429588863,0.09867270961476206,0.7024927160893493,322,3.4623655913978495,1501.0683068954354,137.5,245,77,0.3183673469387755
5.0,5,30.0,3,5.0,10.0,-0.6,15445,93,0.19766914859177728,0.09200388475234704,0.7103269666558757,320,3.4408602150537635,1491.7449012625445,152.5,244,76,0.319672131147541
5.0,5,30.0,3,5.0,10.0,-0.5,15445,93,0.19235998705082552,0.0910974425380382,0.7165425704111363,322,3.4623655913978495,1501.0683068954354,140.0,246,76,0.3170731707317073
5.0,5,30.0,3,5.0,10.0,-0.4,15445,93,0.1809647134995144,0.0909032049206863,0.7281320815797993,424,4.559139784946237,1976.5619941728714,80.0,348,76,0.22126436781609196
5.0,5,30.0,3,5.0,10.0,-0.3,15445,93,0.1666558756879249,0.09893169310456458,0.7344124312075105,429,4.612903225806452,1999.870508255099,65.0,353,76,0.21813031161473087
5.0,5,30.0,3,5.0,10.0,-0.2,15445,93,0.1517643250242797,0.09019100032372936,0.758044674651991,454,4.881720430107527,2116.413078666235,45.0,377,77,0.20424403183023873
5.0,5,30.0,3,5.0,10.0,-0.1,15445,93,0.15169957915182908,0.08080284881838783,0.7674975720297831,422,4.537634408602151,1967.2385885399806,45.0,345,77,0.26956521739130435
5.0,5,30.0,3,5.0,10.0,0.0,15445,93,0.14528973777921658,0.060343153123988344,0.7943671090967951,345,3.7096774193548385,1608.2874716736808,60.0,270,75,0.35185185185185186
