public_site_id,internal_trace_id,chainage_km,lateral_offset_km,latitude,longitude,address,fcc_site_type,physical_form,operator_evidence,latest_official_evidence,official_evidence_summary,official_source_url,google_maps_url,street_view_url,visual_review_result,local_photo,inclusion_decision,antenna_height_ft,antenna_height_m,height_basis
BS01,C01,1.670,0.131,37.7646550,-122.3945410,"135 Mississippi Street / SF53450A, San Francisco",Macro_Building,rooftop macro,T-Mobile,2010 primary; 2021 secondary,Official notification documents the rooftop T-Mobile site; a 2021 permit-index entry corroborates a modification.,https://sfbos.org/ftp/uploadedfiles/bdsupvrs/communications/2010/100602.pdf,"https://www.google.com/maps?q=37.7646550,-122.3945410","https://www.google.com/maps/@?api=1&map_action=pano&viewpoint=37.7646550,-122.3945410",Officially documented; clear site photograph not retained,,included in final 18-site physical macro layer,50,15.240,assumed: Macro_Building default
BS02,G01,4.450,1.040,37.7392900,-122.3827400,"1135 Evans Avenue, San Francisco",Macro_Tower,lattice-tower macro site,T-Mobile + Verizon documented historically,2015; post-2020 legal corroboration,SF Planning documents carrier antennas at the PG&E lattice-tower site; later legal activity corroborates T-Mobile installation. User reviewed multiple viewpoints and confirms the six visible panels are a macro base station; apparent support mismatch is treated as perspective/geolocation uncertainty.,https://commissions.sfplanning.org/cpcpackets/2014.1393C.pdf,"https://www.google.com/maps?q=37.7392900,-122.3827400","https://www.google.com/maps/@?api=1&map_action=pano&viewpoint=37.7392900,-122.3827400",User-confirmed macro antenna panels,03_site_evidence/BS02/street_or_site_view.png,included in final 18-site physical macro layer,60,18.288,assumed: unresolved Macro_Tower default
BS03,C02,5.775,0.080,37.7283604,-122.3952219,"SF Planning site SF03458, San Francisco",Macro_Building,rooftop macro,T-Mobile,2021,"Carrier-supplied San Francisco inventory reports a roof BTS, six antennas and 77.3-ft top elevation.",https://data.sfgov.org/Geographic-Locations-and-Boundaries/Existing-Commercial-Wireless-Telecommunication-Ser/aa26-h926,"https://www.google.com/maps?q=37.7283604,-122.3952219","https://www.google.com/maps/@?api=1&map_action=pano&viewpoint=37.7283604,-122.3952219",Possible rooftop structure; official record is inclusion basis,03_site_evidence/BS03/street_or_site_view.png,included in final 18-site physical macro layer,77.3,23.561,official site-record top-elevation proxy
BS04,C03,16.402,0.863,37.6415806,-122.4229222,"470 Noor Avenue, South San Francisco",Macro_Tower,tree monopole,T-Mobile,2010,"Official record specifies exact coordinates, a 50-ft tree-form monopole and eight panel antennas.",https://sfgov.legistar.com/View.ashx?GUID=0FE2F682-82B6-4184-9003-4C7885A9AF6C&ID=3726986&M=F,"https://www.google.com/maps?q=37.6415806,-122.4229222","https://www.google.com/maps/@?api=1&map_action=pano&viewpoint=37.6415806,-122.4229222",User-confirmed faux-tree monopole,03_site_evidence/BS04/street_or_site_view.jpg,included in final 18-site physical macro layer,50,15.240,official: 50-ft tree-form monopole
BS05,C04,25.817,0.515,37.5770197,-122.3499401,"1480 Burlingame Avenue, Burlingame",Macro_Building,rooftop macro,T-Mobile,2024,Official notice describes alteration of an existing rooftop T-Mobile facility.,https://burlingame.org/DocumentCenter/View/5865/1480-Burlingame-Ave---AUP-Notice-PDF,"https://www.google.com/maps?q=37.5770197,-122.3499401","https://www.google.com/maps/@?api=1&map_action=pano&viewpoint=37.5770197,-122.3499401",User-identified likely rooftop mount; official record is inclusion basis,03_site_evidence/BS05/street_or_site_view.png,included in final 18-site physical macro layer,50,15.240,assumed: Macro_Building default
BS06,C05,32.782,4.255,37.5118723,-122.3331081,"20 Tower Road Communication Facility, San Mateo County",Macro_Other,communications complex / water-tower support,T-Mobile; Verizon separate facilities,2022,County records authorize continued T-Mobile and Verizon facilities; Verizon uses ground space and space on a 56-ft 1-in water tower.,https://sanmateocounty.legistar.com/LegislationDetail.aspx?G=1088EC25-A43A-408F-A57C-73C0A70269AB&GUID=AB15B50D-1036-4B84-8E42-3B2D967BDB3E&ID=5370320&Options=&Search=,"https://www.google.com/maps?q=37.5118723,-122.3331081","https://www.google.com/maps/@?api=1&map_action=pano&viewpoint=37.5118723,-122.3331081",Official record confirmed; support not resolved in street imagery,,included in final 18-site physical macro layer,56.083,17.094,official: 56-ft 1-in water-tower support
BS07,N04,34.698,0.982,37.5301300,-122.2715500,"550 Island Parkway, Belmont",Macro_Tower,freestanding 50-ft monopole,operator unresolved,official page; year unresolved,Belmont official facility record documents the physical monopole.,https://www.belmont.gov/Home/Components/FacilityDirectory/FacilityDirectory/38/333,"https://www.google.com/maps?q=37.5301300,-122.2715500","https://www.google.com/maps/@?api=1&map_action=pano&viewpoint=37.5301300,-122.2715500",User-confirmed freestanding monopole,03_site_evidence/BS07/street_or_site_view.png,included in final 18-site physical macro layer,50,15.240,official: 50-ft freestanding monopole
BS08,N02,35.372,0.171,37.5186748,-122.2757877,"1100 El Camino Real, Belmont",Macro_Building,concealed clock-tower building macro,T-Mobile,official page; year unresolved,Belmont official facility record documents the concealed wireless facility.,https://www.belmont.gov/Home/Components/FacilityDirectory/FacilityDirectory/32/,"https://www.google.com/maps?q=37.5186748,-122.2757877","https://www.google.com/maps/@?api=1&map_action=pano&viewpoint=37.5186748,-122.2757877",Support structure confirmed; antennas concealed,03_site_evidence/BS08/street_or_site_view.png,included in final 18-site physical macro layer,50,15.240,assumed: concealed Macro_Building default
BS09,C06,39.545,1.903,37.4793817,-122.2558587,"2900 Whipple Avenue, Redwood City",Macro_Building,rooftop macro,T-Mobile,2026,Issued permit modifies an existing rooftop T-Mobile facility.,https://www.redwoodcity.org/home/showpublisheddocument/30885/639056288951270000,"https://www.google.com/maps?q=37.4793817,-122.2558587","https://www.google.com/maps/@?api=1&map_action=pano&viewpoint=37.4793817,-122.2558587",User-confirmed rooftop panel group,03_site_evidence/BS09/street_or_site_view.png,included in final 18-site physical macro layer,50,15.240,assumed: Macro_Building default
BS10,C07,47.750,3.854,37.4723890,-122.1401210,"2415 University Avenue, East Palo Alto",Macro_Building,building macro,T-Mobile,2023,County record authorizes continued operation and upgrading.,https://sanmateocounty.legistar.com/LegislationDetail.aspx?G=1088EC25-A43A-408F-A57C-73C0A70269AB&GUID=5D843893-D94B-4F2D-95C7-05F489E84100&ID=6005125&Options=&Search=,"https://www.google.com/maps?q=37.4723890,-122.1401210","https://www.google.com/maps/@?api=1&map_action=pano&viewpoint=37.4723890,-122.1401210",User-identified probable rooftop panel group; official record is inclusion basis,03_site_evidence/BS10/street_or_site_view.png,included in final 18-site physical macro layer,50,15.240,assumed: Macro_Building default
BS11,G02,50.310,2.870,37.4524726,-122.1263005,"2047 East Bayshore Road, Palo Alto",Macro_Tower,ground-supported macro tower,Dish applicant; other tenancy unresolved,2023,Palo Alto application 23PLN-00132 documents modification/collocation at an existing wireless tower with tower-mounted and ground equipment.,https://www.paloalto.gov/Departments/Planning-Development-Services/Current-Planning/Projects/2047-E-Bayshore-Road,"https://www.google.com/maps?q=37.4524726,-122.1263005","https://www.google.com/maps/@?api=1&map_action=pano&viewpoint=37.4524726,-122.1263005",User-confirmed ground tower and antenna array,03_site_evidence/BS11/street_or_site_view.png,included in final 18-site physical macro layer,60,18.288,assumed: unresolved Macro_Tower default
BS12,C08,51.428,2.668,37.4450100,-122.1181295,"2666 East Bayshore Road, Palo Alto",Macro_Building,building macro,T-Mobile,2022,Official project page describes modification of an existing T-Mobile wireless facility.,https://www.paloalto.gov/News-Articles/Planning-and-Development-Services/2666-East-Bayshore-Road-WCF,"https://www.google.com/maps?q=37.4450100,-122.1181295","https://www.google.com/maps/@?api=1&map_action=pano&viewpoint=37.4450100,-122.1181295",Possible shroud/array; official record is inclusion basis,03_site_evidence/BS12/street_or_site_view.png,included in final 18-site physical macro layer,50,15.240,assumed: Macro_Building default
BS13,S01,60.986,1.865,37.3984716,-122.0357438,"787 N Mary Avenue, Sunnyvale",Macro_Tower,54-ft mono-eucalyptus,Verizon,2015,Official approval documents a 54-ft Verizon mono-eucalyptus.,https://sunnyvaleca.legistar.com/LegislationDetail.aspx?FullText=1&GUID=FFA3134D-9CE2-454D-9B02-7C76A4375DAD&ID=2287228&Options=&Search=,"https://www.google.com/maps?q=37.3984716,-122.0357438","https://www.google.com/maps/@?api=1&map_action=pano&viewpoint=37.3984716,-122.0357438",User-confirmed faux-eucalyptus tower,03_site_evidence/BS13/street_or_site_view.png,included in final 18-site physical macro layer,54,16.459,official: 54-ft mono-eucalyptus
BS14,C09,61.358,2.336,37.4011890,-122.0300144,"919 Hamlin Court, Sunnyvale",Macro_Tower,67-ft tree monopole,T-Mobile + AT&T,2022,City staff report identifies a 67-ft tree monopole with active T-Mobile and AT&T facilities.,https://sunnyvaleca.legistar.com/LegislationDetail.aspx?FullText=1&GUID=BF745A5F-3F08-42CB-ABD3-CA251D22A455&ID=5848953,"https://www.google.com/maps?q=37.4011890,-122.0300144","https://www.google.com/maps/@?api=1&map_action=pano&viewpoint=37.4011890,-122.0300144",User-confirmed tree monopole,03_site_evidence/BS14/street_or_site_view.png,included in final 18-site physical macro layer,67,20.422,official: 67-ft tree monopole
BS15,C10,64.983,1.532,37.3845367,-121.9978650,"1070 Stewart Drive, Sunnyvale",Macro_Tower,71-ft monopole,AT&T + T-Mobile + Verizon,2024,"Official report states that AT&T, T-Mobile and Verizon maintain active facilities on the tower.",https://sunnyvaleca.legistar.com/ViewReport.ashx?G=FA76FAAA-7A74-41EA-9143-F2DB1947F9A5&GID=270&GUID=26529095-DE72-41E1-9B5B-07EA2BFAAC77&ID=5670019&M=R&N=Text&Title=Agenda+Item-No+Attachments+%28PDF%29,"https://www.google.com/maps?q=37.3845367,-121.9978650","https://www.google.com/maps/@?api=1&map_action=pano&viewpoint=37.3845367,-121.9978650",Official record confirmed; no accepted site photograph,,included in final 18-site physical macro layer,71,21.641,official: 71-ft monopole
BS16,C11,72.483,1.786,37.3338060,-121.9354170,"1939 El Dorado Avenue / adjacent Caltrans parcel, San Jose",Macro_Tower,60-ft slimline monopole,AT&T corroborated,2018,Official record approves replacement by a 60-ft slimline monopole.,https://www.sanjoseca.gov/home/showpublisheddocument/43017/637079581006830000,"https://www.google.com/maps?q=37.3338060,-121.9354170","https://www.google.com/maps/@?api=1&map_action=pano&viewpoint=37.3338060,-121.9354170","User-confirmed pole, antenna array and equipment enclosure",03_site_evidence/BS16/street_or_site_view.png,included in final 18-site physical macro layer,60,18.288,official: 60-ft slimline monopole
BS17,C12,75.423,3.417,37.3058880,-121.8780150,"419 Lano Street, San Jose",Macro_Tower,approximately 77-ft monopole,T-Mobile + AT&T corroborated,2025,Official continued-use record documents the existing monopole.,https://www.sanjoseca.gov/home/showpublisheddocument/127015/639003716846400000,"https://www.google.com/maps?q=37.3058880,-121.8780150","https://www.google.com/maps/@?api=1&map_action=pano&viewpoint=37.3058880,-121.8780150",Clearly visible monopole,03_site_evidence/BS17/street_or_site_view.jpg,included in final 18-site physical macro layer,77,23.470,official: approximately 77-ft monopole
BS18,S02,75.423,4.433,37.2897870,-121.8958601,"2105 Cottle Avenue, San Jose",Macro_Tower,60-ft monopine,operator unresolved,2023,Official record approves continued operation of an existing 60-ft monopine.,https://www.sanjoseca.gov/home/showpublisheddocument/108074/638385972249570000,"https://www.google.com/maps?q=37.2897870,-121.8958601","https://www.google.com/maps/@?api=1&map_action=pano&viewpoint=37.2897870,-121.8958601",Site context only; official record is inclusion basis,03_site_evidence/BS18/street_or_site_view.jpg,included in final 18-site physical macro layer,60,18.288,official: 60-ft monopine
